ids,leaves,leaves+AF8-branch.mean,leaves+AF8-branch.sd,leaves+AF8-corrob.mean,leaves+AF8-corrob.sd,leaves+AF8-homo.mean,leaves+AF8-homo.sd,leaves+AF8-per+AF8-class.mean,leaves+AF8-per+AF8-class.sd,nodes,nodes+AF8-per+AF8-attr,nodes+AF8-per+AF8-inst,nodes+AF8-per+AF8-level.mean,nodes+AF8-per+AF8-level.sd,nodes+AF8-repeated.mean,nodes+AF8-repeated.sd,tree+AF8-depth.mean,tree+AF8-depth.sd,tree+AF8-imbalance.mean,tree+AF8-imbalance.sd,tree+AF8-shape.mean,tree+AF8-shape.sd,var+AF8-importance.mean,var+AF8-importance.sd
965,2,1,0,0.5,0.133020087549945,4,0,0.5,0,1,0.0625,0.00990099009901,1,,1,,0.666666666666667,0.577350269189626,0.5,,0.5,0,0.0625,0.25
181,511,13.4148727984344,4.58301360026987,0.001956947162427,0.003304474599598,13077304.4369104,44188191.7861777,0.1,0.107706985350567,510,63.75,0.34366576819407,21.25,13.8666004736436,63.75,42.3817683174533,12.4289911851126,4.77515032726316,0.04147172304195,0.058004451272965,0.012536753413729,0.030480162272026,0.125,0.084036456297888
753,34,6.23529411764706,2.000891067097,0.029411764705882,0.042135814156878,744.8,871.400941624815,0.5,0.041594516540385,33,1.03125,0.170103092783505,3.3,1.70293863659264,1.65,0.875093979915421,5.34328358208955,2.28666913247042,0.10386478108829,0.112643994953732,0.123678768382353,0.110956004991469,0.03125,0.036987286547673
187,12,3.75,0.753778361444409,0.083333333333333,0.12655100652953,46.1333333333333,16.2286689833053,0.333333333333333,0.166666666666667,11,0.846153846153846,0.061797752808989,2.2,1.30384048104053,1.57142857142857,0.975900072948533,2.95652173913043,1.2605287804426,0.238917226746391,0.173057141313056,0.286458333333333,0.085148322017667,0.076923076923077,0.127181550295092
847,685,11.2817518248175,2.6739543777601,0.001459854014599,0.005588345874091,686397.769889416,1954417.48045344,0.5,0.021677726138566,684,48.8571428571429,0.104046242774566,36,33.1863425724097,48.8571428571429,11.5416112917041,10.290723155588,3.0068503882577,0.05885014862549,0.077103659110384,0.011782012716697,0.016955553118649,0.071428571428572,0.115692831982144
1511,40,7.075,2.5154649873461,0.025,0.075563854880767,1871.57806637807,2324.53000224008,0.5,0,39,4.875,0.088636363636364,3.54545454545455,1.50755672288882,5.57142857142857,3.40867241298539,6.17721518987342,2.73982730913262,0.087224506277623,0.08825618929837,0.100439453125,0.110889730642361,0.125,0.253920931176751
979,352,10.4517045454545,3.07326444537471,0.002840909090909,0.017910054705948,490215.880373909,1839332.83982511,0.5,0.008035304331665,351,8.775,0.0702,17.55,16.7189618161693,8.775,4.07926275390353,9.46799431009957,3.35570056968108,0.054338365345691,0.081499359042741,0.020472098480571,0.026822093022451,0.025,0.051986356135509
1526,4,2.25,0.957427107756338,0.25,0.170868240031043,9.33333333333333,1.539600717839,0.25,0,3,0.75,0.000549853372434,1,0,1.5,0.707106781186548,1.71428571428571,1.11269728052837,0.258000532740044,0.082751202305101,0.4375,0.072168783648703,0.25,0.290180642118382
1509,45548,20.8028673048213,4.15529166782666,2.19548608061825E+AC0-05,0.000123935881893,338684402148.291,7677386155758.69,0.045454545454546,0.028725920194939,45547,11386.75,0.305004955401387,1167.8717948718,1468.96779333917,11386.75,1784.10787697007,19.8031066469071,4.38876432971116,0.026774835801067,0.040576305999637,0.000240318136634,0.001769217994434,0.25,0.075238932214433
1016,17,4.52941176470588,1.28051000868909,0.058823529411765,0.202934022038582,109.904761904762,83.4152957473978,0.5,0.041594516540385,16,1.33333333333333,0.016161616161616,2.28571428571429,1.38013111868471,2,0.755928946018454,3.6969696969697,1.64857606142484,0.155263505371455,0.148261245423327,0.219669117647059,0.10940576970025,0.083333333333333,0.15049154819956
1546,130,8.72307692307692,2.33283068101503,0.007692307692308,0.021160941021016,14608.9715617716,19657.6043303126,0.2,0.152978321548857,129,43,0.116007194244604,9.92307692307692,6.27775886843836,43,9,7.76061776061776,2.66120441139312,0.086485958756697,0.091846939542412,0.043575345552885,0.057562674218849,0.333333333333333,0.115901366323741
1545,142,9.92253521126761,3.22022408731291,0.007042253521127,0.024207684890617,70699.2132312132,134207.947047979,0.2,0.154897563913984,141,47,0.112619808306709,8.8125,4.84725007951244,47,7.93725393319377,8.96113074204947,3.45722208318923,0.063414664021934,0.076241047735319,0.036642370089679,0.062841936969004,0.333333333333333,0.081541313855226
1544,142,9.3169014084507,2.93516154740411,0.007042253521127,0.024868048084446,48420.4368964369,110264.275237467,0.2,0.152639931280466,141,47,0.110415035238841,8.8125,6.12338414059851,47,12.2882057274445,8.35335689045937,3.20054533859093,0.063835427155261,0.073217252226568,0.039381430182659,0.057029392752896,0.333333333333333,0.084702556930471
1543,125,8.984,2.66392870194235,0.008,0.023972305805641,23105.6308136308,43522.619886102,0.2,0.156767343538123,124,41.3333333333333,0.114814814814815,8.26666666666667,5.53516894395241,41.3333333333333,1.15470053837925,8.02409638554217,2.94975082441827,0.068200900177429,0.077229215933057,0.04354931640625,0.06156687580864,0.333333333333333,0.056497642716583
1542,130,9.02307692307692,2.74628821981325,0.007692307692308,0.025535318802847,36215.5166611167,98905.345748812,0.2,0.144422948888605,129,43,0.109044801352494,8.0625,6.28722249221917,43,10.5356537528527,8.06177606177606,3.0263773102632,0.059882510607656,0.090158381781903,0.042603008563702,0.059311239896584,0.333333333333333,0.102300261161146
1541,751,15.352862849534,4.89046573717657,0.00133155792277,0.004293209587627,222712740.508671,1711212298.91585,0.2,0.169158699382663,750,250,0.086665125953316,25,20.6247257035052,250,10.4403065089106,14.3637574950033,5.07342017497258,0.032191713477736,0.05715465493356,0.00763185077487,0.029239759072051,0.333333333333333,0.075337318179796
1540,753,14.5179282868526,4.69466763604576,0.00132802124834,0.004657192321977,108699553.473129,622674603.826413,0.2,0.159922103085166,752,250.666666666667,0.08099084544965,26.8571428571429,22.4379214157711,250.666666666667,4.50924975282289,13.5282392026578,4.88682076372631,0.035943592279101,0.06095591455264,0.008806227925289,0.024908642458662,0.333333333333333,0.069860793072185
1539,764,15.4384816753927,5.2056160618017,0.00130890052356,0.004597363798364,246362781.223045,1704043311.33309,0.2,0.166612291596965,763,254.333333333333,0.083187963366769,25.4333333333333,19.395490647861,254.333333333333,33.0807093837683,14.4492468893255,5.37796927244496,0.033694569024522,0.055179307503146,0.008069300587674,0.02705839619101,0.333333333333333,0.10252368319441
1538,751,14.5858854860186,4.43354040410923,0.00133155792277,0.004870283724649,28299647.8901368,96069851.5374765,0.2,0.177603073944051,750,250,0.085684908031532,30,21.4145589105481,250,16.6433169770932,13.5962691538974,4.63633038132975,0.039596286394839,0.05744904253013,0.008252552758838,0.027196809373204,0.333333333333333,0.051523555059305
1537,1077,15.4893221912721,4.86577524944038,0.000928505106778,0.004597166998135,204282083.240702,996832109.14203,0.2,0.169853761571847,1076,358.666666666667,0.037588206525536,38.4285714285714,28.6180836010154,358.666666666667,56.7127263789472,14.4969809568045,5.05472975793488,0.03629964092463,0.057724658379536,0.006386683200561,0.020456848404912,0.333333333333333,0.175566049366158
1536,531,13.1751412429379,4.43457935815635,0.001883239171375,0.008100483018877,50666031.9467604,373465609.593268,0.2,0.170344162140094,530,176.666666666667,0.052319842053307,18.9285714285714,17.8780406819187,176.666666666667,25.6969518296107,12.1885014137606,4.6343976137883,0.036578825411292,0.05495494097896,0.011701563446872,0.031643164335696,0.333333333333333,0.178635067032098
1535,545,13.154128440367,4.02771948935664,0.001834862385321,0.007196249213516,6891308.62722011,29700660.2579519,0.2,0.172208457640018,544,181.333333333333,0.054459905896486,22.6666666666667,17.4671534393948,181.333333333333,16.0104132780304,12.1671258034894,4.24735894407147,0.041599985582051,0.056532254669326,0.011591680552981,0.030419560641584,0.333333333333333,0.166407819588672
1534,502,12.5119521912351,3.5543760908091,0.00199203187251,0.008502437435079,2374498.86188528,7408937.12127458,0.2,0.172196148238107,501,167,0.049165848871443,23.8571428571429,18.1529218427385,167,11.5325625946708,11.5254237288136,3.80173582779059,0.047887275254602,0.060768971179375,0.012453911313973,0.032028327020047,0.333333333333333,0.147791713849994
1533,520,12.4788461538462,3.48897722222582,0.001923076923077,0.007682437547897,1997604.13135595,5880273.13567388,0.2,0.164504590680715,519,173,0.04997111496245,24.7142857142857,19.0108991295595,173,7,11.4918190567854,3.74161624968492,0.048011793200775,0.059579556310722,0.01212958922753,0.031323168204296,0.333333333333333,0.158559597929706
1532,523,13.810707456979,4.2916340336313,0.001912045889101,0.007530647673214,15259681.6503939,62363271.5380362,0.2,0.171534068823708,522,174,0.048931383577053,20.88,16.1382568244942,174,10.4403065089106,12.8248803827751,4.49552279509239,0.039252849549655,0.060658788260836,0.011171558732968,0.033811509928958,0.333333333333333,0.149339784958807
1531,516,13.6220930232558,4.83540906785205,0.001937984496124,0.00821408646652,91566619.977488,672904420.353125,0.2,0.171790055613647,515,171.666666666667,0.05060927672956,17.7586206896552,15.3475339396776,171.666666666667,18.1475434517549,12.6362754607178,5.01750366293268,0.033873102876297,0.053784461234045,0.012026059556781,0.03177458606353,0.333333333333333,0.185858031530397
1530,167,9.5748502994012,2.61231371764236,0.005988023952096,0.025723763442005,55192.6348945172,168797.274707308,0.2,0.105396025909901,166,55.3333333333333,0.10957095709571,9.76470588235294,8.65685719361179,55.3333333333333,5.68624070307733,8.60660660660661,2.91416640908438,0.059194184689404,0.073524543455837,0.032809594434179,0.056808894309136,0.333333333333333,0.14519798882219
1529,157,9.24203821656051,2.86311931803398,0.006369426751592,0.03576499622905,53057.9553518377,155504.720120221,0.2,0.095605074324121,156,52,0.102564102564103,9.17647058823529,7.07314723194038,52,1.73205080756888,8.27476038338658,3.14111006786224,0.061718646121711,0.086751817380904,0.038438055925309,0.048235104453666,0.333333333333333,0.172147644341107
1528,162,9.34567901234568,2.68726231109378,0.006172839506173,0.031378307728295,43166.9066045066,98684.6835635006,0.2,0.101110282032809,161,53.6666666666667,0.099199014171288,10.0625,7.67219003935643,53.6666666666667,11.5902257671425,8.37770897832817,2.98230782319841,0.066751924715015,0.086489378740049,0.036305180302373,0.051073050945412,0.333333333333333,0.155563206907157
1527,149,8.90604026845638,2.3317499572708,0.006711409395973,0.02967812076983,21029.3366189366,42882.2818960838,0.2,0.111740431614859,148,49.3333333333333,0.045510455104551,9.86666666666667,7.88186586563166,49.3333333333333,5.5075705472861,7.93939393939394,2.66667946352376,0.072516063843743,0.086646757251288,0.039091583866401,0.053188292702774,0.333333333333333,0.191443513037758
923,5,2.4,0.547722557505166,0.2,0.225645941459433,11.3333333333333,1.82574185835055,0.5,0.14142135623731,4,1,0.000462909385488,1.33333333333333,0.577350269189626,2,1.4142135623731,1.77777777777778,0.97182531580755,0.328088385969725,0.166685266344803,0.45,0.068465319688146,0.25,0.306464454042144
736,32,6.8125,2.4943484507078,0.03125,0.034551246014517,1223.06204906205,1564.26098015859,0.5,0.044194173824159,31,10.3333333333333,0.279279279279279,2.81818181818182,1.16774841624228,10.3333333333333,2.08166599946613,5.93650793650794,2.69331918902462,0.085330668002295,0.098566263108165,0.114776611328125,0.130087115150699,0.333333333333333,0.150962497212843
719,40,7.325,2.68316212226525,0.025,0.028094836074294,2249.46551226551,2613.76578538404,0.5,0.106066017177982,39,5.57142857142857,0.284671532846715,3.54545454545455,1.36847625946791,5.57142857142857,5.15936504029785,6.43037974683544,2.88534557457382,0.086142277372212,0.09420756374099,0.0980712890625,0.115449166581423,0.142857142857143,0.112997740586196
994,29,5.68965517241379,1.58347376440583,0.03448275862069,0.087563427224658,365.180952380952,275.854832787593,0.5,0.024382992454709,28,1.55555555555556,0.033096926713948,3.5,1.69030850945703,2,1.24034734589208,4.80701754385965,1.93130781458749,0.134139604261009,0.122905216706218,0.141702586206897,0.111911050974094,0.055555555555556,0.086674137359412
1508,40,6.45,2.03746952155905,0.025,0.054632164422478,993.346031746032,1056.53776326828,0.2,0.06123724356958,39,7.8,0.096774193548387,3.9,2.02484567313166,7.8,4.96990945591567,5.54430379746835,2.33588213367483,0.100702191756465,0.12030580384976,0.113134765625,0.097331579185198,0.2,0.291910972142673
1507,468,10.0448717948718,2.21444435357753,0.002136752136752,0.009142121684652,155619.303070785,368707.149069153,0.5,0.009065471553674,467,23.35,0.063108108108108,27.4705882352941,28.2203774936189,23.35,5.57508555516132,9.05668449197861,2.60291298724944,0.071384162348589,0.093778838392198,0.017201187264206,0.017182687630468,0.05,0.030831571469444
788,41,7.09756097560976,2.44749747751433,0.024390243902439,0.042043862588234,1807.77489177489,2268.4695071186,0.5,0.051739520574626,40,0.666666666666667,0.21505376344086,3.63636363636364,1.68954001270922,2.10526315789474,1.48678388335006,6.19753086419753,2.68057714441508,0.088224330693254,0.125367341995875,0.100705030487805,0.115249828297525,0.016666666666667,0.038398180051472
885,2,1,0,0.5,0.188921659095642,4,0,0.5,0,1,0.333333333333333,0.00763358778626,1,,1,,0.666666666666667,0.577350269189626,0.5,,0.5,0,0.333333333333333,0.577350269189626
1506,90,11.5666666666667,4.79946158028941,0.011111111111111,0.022523306371163,443004.09640473,1079331.63123568,0.5,0.094280904158206,89,5.5625,0.18936170212766,4.45,2.01246117974981,6.35714285714286,7.61180402004416,10.6368715083799,4.91466313729233,0.044829433385478,0.092617836431474,0.046505313449436,0.090522021068927,0.0625,0.084475291163904
1115,12,6.41666666666667,3.47610893576903,0.083333333333333,0.017050617567697,609.671572871573,837.805251177852,0.333333333333333,0,11,1.83333333333333,0.072847682119205,1,0,11,,5.73913043478261,3.40076717687412,0.072714413748072,0.11358226692175,0.166585286458333,0.192530888522923,0.166666666666667,0.408248290463863
955,43,7.09302325581395,2.75001258428612,0.023255813953488,0.033469289435915,3094.62457542458,6119.6307530962,0.5,0.016444343748524,42,8.4,0.278145695364238,3.23076923076923,1.92153784566105,8.4,7.98749021908634,6.18823529411765,2.96605444852191,0.076463203634167,0.103781960681113,0.103305550508721,0.100992135908603,0.2,0.145434637020517
1004,4,2.25,0.957427107756338,0.25,0.394797181872939,9.33333333333333,1.539600717839,0.5,0.353553390593274,3,0.05,0.005,1,0,1,0,1.71428571428571,1.11269728052837,0.258000532740044,0.082751202305101,0.4375,0.072168783648703,0.016666666666667,0.115694931305785
770,29,5.55172413793104,1.29797113374659,0.03448275862069,0.042005901532366,299.485714285714,162.497541164024,0.5,0.024382992454709,28,4.66666666666667,0.0448,4,2.16024689946929,5.6,4.72228758124704,4.66666666666667,1.71478167428865,0.145699677251114,0.059978673922765,0.140086206896552,0.103263803251111,0.166666666666667,0.202573049776848
841,40,7.375,2.20358100163557,0.025,0.075162253169007,1730.10966810967,1913.26987110124,0.5,0.035355339059328,39,4.33333333333333,0.041052631578947,3.54545454545455,2.20742548520381,4.33333333333333,1.87082869338697,6.48101265822785,2.44351973697082,0.082228358728057,0.104311127606991,0.0767822265625,0.099723324967245,0.111111111111111,0.170219055953436
1503,132384,33.5592216582064,9.2434847702447,7.5537829344936E+AC0-06,6.09049186461882E+AC0-06,4.0002582230706754e+//0-,3.8199879180555917e+//0-,0.1,0.002191436778105,132383,9455.92857142857,0.502867930835385,1614.42682926829,2013.42231855405,9455.92857142857,2148.81421555402,32.5593521851288,9.35080249543685,0.011893346807029,0.032300233554868,6.664333302138E+AC0-05,0.001520494597192,0.071428571428572,0.016855591828586
953,128,8.125,1.66955130942513,0.0078125,0.023607634476399,6758.64242424242,7005.85073668019,0.5,0.02209708691208,127,2.11666666666667,0.039811912225705,10.5833333333333,9.27811043981119,2.59183673469388,1.56682225309354,7.16078431372549,2.11333211085636,0.089221756988498,0.073220697230499,0.044902801513672,0.055708845836062,0.016666666666667,0.060767555476394
737,441,11.4580498866213,3.66354086137445,0.002267573696145,0.004700536705146,4406106.04948467,26074873.0945384,0.5,0.008017083686922,440,73.3333333333333,0.141615706469263,18.3333333333333,17.9411275557311,73.3333333333333,22.420228961067,10.472190692395,3.90477107232056,0.042642512892349,0.065441655600759,0.01611740762144,0.02685356399638,0.166666666666667,0.118013167177556
902,58,7.32758620689655,1.97695433871151,0.017241379310345,0.021330759827571,2191.15093795094,2312.01280401237,0.5,0.097531969818834,57,9.5,0.387755102040816,5.18181818181818,3.34120283186106,9.5,7.52994023880668,6.4,2.30483854136345,0.088723561344833,0.076327930918911,0.075616244612069,0.09172920552932,0.166666666666667,0.164092886812023
1502,341,13.7947214076246,5.82631719480762,0.002932551319648,0.027329042623981,84403779.3031212,343366357.466044,0.5,0.002073626924301,340,113.333333333333,0.001387432311666,12.1428571428571,8.13640327178159,113.333333333333,10.5039675043925,12.8164464023495,5.96879825823345,0.035294906145253,0.066577361356231,0.01784787497475,0.037964005486613,0.333333333333333,0.291366226367568
826,213,8.5868544600939,1.52284984902665,0.004694835680751,0.00605689797263,13575.610966811,10806.7837283852,0.5,0.029877751317742,212,19.2727272727273,0.368055555555556,19.2727272727273,15.5118722860325,19.2727272727273,15.8561717264345,7.60941176470588,2.02645379502021,0.110231138562919,0.074763543449819,0.032276995305164,0.03288767357616,0.090909090909091,0.047646300536471
958,18,5,1.60879933307969,0.055555555555556,0.137546175883993,157.009523809524,108.636840092163,0.5,0.157134840263677,17,0.894736842105263,0.007359307359307,2.42857142857143,0.786795792469443,1.88888888888889,1.05409255338946,4.17142857142857,1.88626169798289,0.140386577240873,0.098898168684696,0.190972222222222,0.137897940571601,0.052631578947368,0.137928598073716
1498,97,7.94845360824742,2.29297447843688,0.010309278350516,0.019812815412353,9022.34840714841,19449.9724594249,0.5,0.007289760630789,96,10.6666666666667,0.207792207792208,6.85714285714286,5.58648290150352,10.6666666666667,4.06201920231798,6.99481865284974,2.61704630206465,0.078350645641261,0.093404468756718,0.057588242992912,0.061103710516467,0.111111111111111,0.045917511218889
1520,27,5.22222222222222,1.01273936708367,0.037037037037037,0.057621788069841,216.133333333333,80.9090657656911,0.2,0.132507731999988,26,0.288888888888889,0.158536585365854,4.33333333333333,2.65832027165025,1.1304347826087,0.45769658728016,4.33962264150943,1.51839232067259,0.209452797411198,0.030016434132854,0.153935185185185,0.091284045087104,0.011111111111111,0.030178090110861
717,46,6.26086956521739,1.56963948597824,0.021739130434783,0.063252628074347,868.761904761905,1020.50617562509,0.5,0.030743773095067,45,4.5,0.088582677165354,4.5,3.56682242650545,4.5,2.06827894099848,5.34065934065934,1.97326452706496,0.104075346870729,0.110962851941176,0.10551120923913,0.079536392860832,0.1,0.192113487763558
1496,428,15.7476635514019,10.8222543357479,0.002336448598131,0.017291508376693,208879596450551,1.56127955392323E+-015,0.5,0.148690678286891,427,21.35,0.057702702702703,8.37254901960784,11.2017155548848,21.35,4.17101527461272,14.7672514619883,10.8992986389386,0.020814226663376,0.050292200068065,0.015221894278099,0.03193058545536,0.05,0.031656531137434
816,1067,12.7947516401125,3.34114867862364,0.000937207122774,0.003327419098121,6989750.75855599,39047091.9466024,0.5,0.027170925987487,1066,133.25,0.130126953125,44.4166666666667,42.324745220391,133.25,18.9868375460475,11.8012189404594,3.61592506638618,0.046607876911558,0.071683165552981,0.007751910733417,0.014016325938786,0.125,0.127720029726911
752,534,11.4494382022472,3.35742430968083,0.00187265917603,0.012036663890236,6707861.82083246,52595124.0568204,0.5,0,533,16.65625,0.0650634765625,21.32,24.1293735241234,16.65625,5.62029373012685,10.4611059044049,3.62334725149396,0.043113184948268,0.061729666150026,0.013691487048896,0.024373881059299,0.03125,0.100477602833902
996,33,6.36363636363636,2.23352554577653,0.03030303030303,0.048253761864282,882.653968253968,1058.19532074212,0.5,0.021427478217774,32,3.55555555555556,0.149532710280374,3.2,1.3984117975602,4,1.60356745147455,5.47692307692308,2.48185724501136,0.102598697275515,0.119817166627565,0.125355113636364,0.114988373029171,0.111111111111111,0.091075937099215
722,276,11.2391304347826,3.31400191545693,0.003623188405797,0.022693785064299,295608.281955953,557884.551662816,0.5,0.076859432737668,275,5.72916666666667,0.018333333333333,15.2777777777778,9.76069883922588,11,10.5237825899246,10.2613430127042,3.56558464061661,0.056345477628014,0.067207970464779,0.021433153014252,0.042732791786878,0.020833333333333,0.062248193073553
155,9292,23.729121825226,5.72295857323131,0.000107619457598,0.000281598876409,858118862980.588,7441028896370.03,0.1,0.19460940780982,9291,929.1,0.011204762174672,232.275,225.729471338523,929.1,388.773127214889,22.7304525641716,5.8923213519408,0.023920241124989,0.048435730197356,0.000674877992376,0.008257679669837,0.1,0.122901563940736
1567,314594,22.162031062258,3.90559910910318,3.17870016592815E+AC0-06,4.93210928985587E+AC0-06,7030753407200.52,137489397957672,0.1,0.176249245044225,314593,31459.3,0.306917305116345,7673,10703.8447461648,31459.3,6764.25653383693,21.1620678748925,4.15365560941729,0.028286111980199,0.04287597821035,4.80034432941683E+AC0-05,0.00023126922943,0.1,0.046965557845759
354,245303,22.0320746179215,3.59074877469229,4.07659099154923E+AC0-06,1.90060900927334E+AC0-05,1362153706065.09,29541448786904.1,0.5,0.018860754533388,245302,24530.2,0.239316689593272,6132.55,8720.24771157804,24530.2,6275.63097845769,21.0321215641911,3.85906718847554,0.026523422980058,0.03163046943771,5.33925132306505E+AC0-05,0.000669764939575,0.1,0.055092217407425
750,128,10.234375,4.01274421583687,0.0078125,0.010227144674296,450458.341369123,1776777.48009269,0.5,0.099436891104358,127,18.1428571428571,0.254,6.04761904761905,4.77991830972236,18.1428571428571,3.48466026218585,9.27843137254902,4.19656372953155,0.045676202885141,0.075671516748182,0.038709305226803,0.068497668409247,0.142857142857143,0.041036808489531
1490,38,9.28947368421053,3.14434623236985,0.026315789473684,0.031580533391486,6911.62433122433,7527.81679620925,0.5,0.037216146378239,37,3.08333333333333,0.203296703296703,2.84615384615385,1.72463299700515,3.08333333333333,2.27469611690055,8.42666666666667,3.23483293913985,0.069500096776959,0.126439773987669,0.062422902960526,0.127898663791374,0.083333333333333,0.062787343343635
1019,96,8.0625,2.32972779074023,0.010416666666667,0.061078824655909,8083.22486402486,12248.2783237612,0.5,0.02946278254944,95,5.9375,0.008642649199418,7.30769230769231,4.87142373755037,5.9375,2.54214476377723,7.10994764397906,2.64643861928923,0.07961598376752,0.084470668612107,0.056831359863281,0.063670185554467,0.0625,0.105830005274102
1069,46,8.47826086956522,2.90393702437672,0.021739130434783,0.076770912591591,6582.88977688978,11827.8831147108,0.5,0.276693957855605,45,1.25,0.00805152979066,3.21428571428571,2.00685637938357,2.04545454545455,1.6468519095903,7.58241758241758,3.07341986163779,0.062288882121639,0.130603585402467,0.067231551460598,0.122488266110384,0.027777777777778,0.045394674103295
1167,66,8.07575757575758,2.40710874165927,0.015151515151515,0.027720068014814,5753.77267177267,10092.7567590623,0.5,0.149992347524419,65,8.125,0.203125,5,3.58236421003411,8.125,8.32273135111648,7.14503816793893,2.6778927921454,0.074021938585636,0.076364946174903,0.063143643465909,0.095089186225051,0.125,0.09727392093585
1488,15,4.2,1.01418510567422,0.066666666666667,0.130442024020276,75.2,39.6614242234009,0.5,0.047140452079103,14,0.636363636363636,0.071794871794872,2.33333333333333,1.36626010212795,1.4,0.966091783079296,3.37931034482759,1.44947756853112,0.190287476286606,0.155383284389467,0.24375,0.098962249295953,0.045454545454546,0.094117093813297
1021,149,9.93288590604027,3.29345056366009,0.006711409395973,0.055818641445691,105332.034814858,304507.236228045,0.5,0.052202514047329,148,14.8,0.027041841768683,8.22222222222222,5.5789051799198,14.8,7.31512891965078,8.96969696969697,3.52822943534047,0.05557718672869,0.073482040784415,0.036275620428508,0.059365316223276,0.1,0.161135228957006
980,91,7.32967032967033,1.69348388474401,0.010989010989011,0.042533021004039,3284.486002886,3758.35691008267,0.5,0.194260104721579,90,1.40625,0.016014234875445,8.18181818181818,6.19383858068939,2.19512195121951,1.26924213992291,6.37569060773481,2.11929369611937,0.104056725571691,0.109295892788552,0.064281421703297,0.051864181964763,0.015625,0.056789496907226
959,2,1,0,0.5,0.235702260395516,4,0,0.5,0,1,0.125,7.71604938271605E+AC0-05,1,,1,,0.666666666666667,0.577350269189626,0.5,,0.5,0,0.125,0.353553390593274
886,117,9.32478632478633,3.09289803791118,0.008547008547009,0.011755039804341,33389.0658674659,55242.4281237922,0.5,0.018130943107347,116,16.5714285714286,0.232,7.73333333333333,4.19977323650876,16.5714285714286,2.93582145558064,8.36909871244635,3.3336434910708,0.067862594157021,0.080274662179318,0.045127412192842,0.06545734316696,0.142857142857143,0.041980155180469
784,34,6.17647058823529,1.94578936596038,0.029411764705882,0.043279474136318,714.019047619048,867.243674436956,0.5,0.041594516540385,33,11,0.235714285714286,3.3,1.88856206322871,11,5.56776436283002,5.28358208955224,2.24152254904031,0.104028156819589,0.111779519807432,0.124368106617647,0.10935885021403,0.333333333333333,0.105792695676032
881,98,7.69387755102041,1.56249973700818,0.010204081632653,0.048036435560256,3789.15728715729,3367.20803545146,0.5,0.057723002545841,97,9.7,0.00237931711146,8.81818181818182,7.37317003490604,9.7,13.5240526470433,6.73846153846154,2.01497171766693,0.098497400253816,0.076126220097477,0.053282445790816,0.062458585617367,0.1,0.182035425893187
880,2,1,0,0.5,0,4,0,0.5,0,1,0.1,0.003521126760563,1,,1,,0.666666666666667,0.577350269189626,0.5,,0.5,0,0.1,0.316227766016838
164,13,4,0.912870929175277,0.076923076923077,0.095964478386503,56.9333333333333,20.1127193954841,0.5,0.163178487966126,12,0.210526315789474,0.113207547169811,2.4,1.14017542509914,1.2,0.632455532033676,3.2,1.35400640077266,0.206059560697858,0.0714173396086,0.259615384615385,0.103160201839613,0.017543859649123,0.06008879249227
995,27,6.40740740740741,2.80465628305803,0.037037037037037,0.151210686303653,1335.01991341991,2513.20003329308,0.5,0.026189140043946,26,0.553191489361702,0.013,2.16666666666667,1.11464085804543,1.73333333333333,0.961150104723255,5.54716981132076,2.97144123109315,0.078390907321974,0.12405447850178,0.142198350694444,0.131038946952586,0.021276595744681,0.117233630243583
962,14,4.78571428571429,1.76192951175568,0.071428571428572,0.208782538426106,113.638095238095,78.6615457450385,0.5,0.101015254455221,13,2.16666666666667,0.0065,1.85714285714286,0.690065559342354,2.6,1.67332005306815,4,1.96116135138184,0.133074489789071,0.128632303412656,0.213169642857143,0.162767570813465,0.166666666666667,0.271158490797647
1020,38,6.05263157894737,1.8001106335528,0.026315789473684,0.10314293552813,738.857142857143,943.91375727933,0.5,0.037216146378239,37,0.578125,0.0185,3.7,2.62678510731274,1.42307692307692,0.757526338714473,5.14666666666667,2.14156632078166,0.102563217854554,0.11793957057557,0.122995476973684,0.085608735147288,0.015625,0.057948060351392
971,15,4.53333333333333,1.55226409142382,0.066666666666667,0.221192681571865,105.371428571429,82.7864018918108,0.5,0.047140452079103,14,0.184210526315789,0.007,2,1,1.07692307692308,0.277350098112615,3.72413793103448,1.8302332350226,0.136252302912279,0.176825702847558,0.230208333333333,0.134957296624534,0.013157894736842,0.092036964908684
1056,65,8.44615384615385,2.8778831697033,0.015384615384615,0.103252218921573,9248.76572316573,15754.0946932213,0.5,0.184935619694943,64,1.68421052631579,0.006761039509825,4.57142857142857,2.5332947751066,2.46153846153846,1.52920290951251,7.51937984496124,3.09763209765187,0.067916057765501,0.103365524175433,0.065762094350962,0.099135143025914,0.026315789473684,0.035617491722375
733,16,4.875,1.82117178395303,0.0625,0.147375346778994,153.085714285714,156.235815951212,0.5,0.088388347648319,15,2.5,0.07177033492823,1.875,0.83452296039628,2.5,1.04880884817015,4.06451612903226,2.04834052948507,0.118625715244488,0.114936123692332,0.20849609375,0.142941531732875,0.166666666666667,0.251986718430501
10,31,5.67741935483871,1.51409151582048,0.032258064516129,0.062140362350108,381.980952380952,288.357335385713,0.25,0.214582817671775,30,1.66666666666667,0.202702702702703,3.75,1.90862703084106,2.14285714285714,1.23145585242976,4.78688524590164,1.88957450323577,0.137227328338332,0.113267010245802,0.139616935483871,0.10071242674837,0.055555555555556,0.057701960526705
941,33,7.48484848484848,2.80759251986034,0.03030303030303,0.059277455033025,2303.16940836941,3130.09606744381,0.5,0.021427478217774,32,3.55555555555556,0.169312169312169,2.66666666666667,1.23091490979333,4.57142857142857,4.42933941113657,6.61538461538462,2.96169455133115,0.079872600194885,0.117758260303745,0.090006510416667,0.109951724021594,0.111111111111111,0.168861302341896
977,167,10.0059880239521,2.50179936688474,0.005988023952096,0.035043750714557,48703.9016983017,93786.4903143411,0.5,0.190537755409549,166,10.375,0.0083,10.375,8.70153243208728,10.375,4.66011444780776,9.03903903903904,2.81052909121534,0.062751907682946,0.100256157514851,0.026588851106381,0.061004421741477,0.0625,0.066297970698194
1483,20261,19.4850698386062,4.62764949656829,4.93559054340852E+AC0-05,0.000156100767454,199501682968.345,4615892543538.05,0.090909090909091,0.069571690931037,20260,2894.28571428571,0.122892150915929,519.487179487179,599.319784237662,2894.28571428571,1703.35822365562,18.4855753806668,4.83785413647972,0.027121485020411,0.046845955988624,0.000534475207315,0.00229490274631,0.142857142857143,0.072533738409907
184,6582,15.0278030993619,2.92680064002459,0.00015192950471,0.000268325506119,86125282.2939122,251324421.619049,0.055555555555556,0.052646871468167,6581,1096.83333333333,0.234566581123467,274.208333333333,293.833578920874,1096.83333333333,673.63800862679,14.0290207399529,3.24758292732892,0.050329009538618,0.063661224977572,0.001652338862673,0.003375433154801,0.166666666666667,0.084970212008123
1481,6584,15.027035236938,2.92431201286188,0.000151883353584,0.000268325859099,85637252.2656789,250163286.958718,0.055555555555556,0.052666513251507,6583,1097.16666666667,0.234637867122897,274.291666666667,293.982028312981,1097.16666666667,672.426476773979,14.0282524493051,3.24534148989893,0.050327707103131,0.063669577395936,0.001651938692333,0.00337435570038,0.166666666666667,0.084789861677229
807,1066,12.124765478424,2.87426760483376,0.00093808630394,0.002599866909493,2321712.6658951,7185535.2965828,0.5,0.010613234989667,1065,133.125,0.1300048828125,50.7142857142857,49.5420456351399,133.125,21.7152842815509,11.1309244486157,3.19083723974342,0.052699836133056,0.06930732969479,0.008024731899068,0.012993785536947,0.125,0.061309493394325
1045,8,3.125,0.640869944461656,0.125,0.29812704508203,23.3333333333333,5.65685424949238,0.5,0,7,0.074468085106383,0.048275862068966,1.75,0.957427107756338,1.16666666666667,0.408248290463863,2.4,1.12122382116278,0.243370656680818,0.148126519936476,0.359375,0.080108743057707,0.010638297872341,0.054006273150967
1066,22,5.18181818181818,1.40191581964395,0.045454545454546,0.079368411410237,194.87619047619,118.1720284316,0.5,0.064282434653323,21,0.223404255319149,0.144827586206897,3,1.4142135623731,1.16666666666667,0.383482494423685,4.32558139534884,1.75554807928842,0.144696245414335,0.071606900243595,0.169034090909091,0.119788725730886,0.010638297872341,0.040124559030858
1048,106,8.56603773584906,2.68334854035748,0.009433962264151,0.014630949078259,15228.3591075591,26430.3425978611,0.5,0.013341637380878,105,13.125,0.284552845528455,7.5,4.39842629199966,13.125,7.39570338584699,7.61137440758294,2.96176644638988,0.075673476380491,0.102952798575254,0.052356647995283,0.061446383752307,0.125,0.086303116892361
1073,62,7.29032258064516,2.05168540692523,0.016129032258065,0.029712663734605,2520.06695526696,2978.10532778319,0.5,0.022809896167308,61,7.625,0.222627737226277,5.54545454545455,3.20510955705531,7.625,3.81491434092188,6.35772357723577,2.37862779460327,0.097157992208593,0.086342247007191,0.077652469758065,0.084986464129042,0.125,0.121339819018335
969,2,1,0,0.5,0.235702260395516,4,0,0.5,0,1,0.25,0.006666666666667,1,,1,,0.666666666666667,0.577350269189626,0.5,,0.5,0,0.25,0.5
823,319,11.0156739811912,3.24614993535595,0.003134796238245,0.030934446513846,594307.082305517,2132956.44920871,0.5,0.006649907033102,318,39.75,0.015406976744186,15.9,13.2859244869781,39.75,10.0818082278358,10.0345368916797,3.50902703558285,0.050437147391629,0.062446194221403,0.019594808357263,0.037778974454591,0.125,0.323221752207922
843,2156,14.4554730983302,3.69163633745252,0.000463821892393,0.00257336520421,113582158.75965,1023869881.07468,0.5,0.008527261739726,2155,269.375,0.094583918539326,76.9642857142857,79.833846967894,269.375,55.360990649683,13.4590582231501,3.94629033051439,0.037894970434686,0.057510828167557,0.004030646697544,0.010081246266714,0.125,0.098259406420742
821,1948,13.8264887063655,3.36019122150364,0.000513347022587,0.003063229135817,39454892.2488423,361005078.642314,0.5,0.006533840893921,1947,121.6875,0.08545470505618,72.1111111111111,78.7035984581163,121.6875,31.7610217090068,12.8302952503209,3.63798460521647,0.03929413228352,0.060397175085555,0.004522728012756,0.010043883865607,0.0625,0.059937531379635
1513,60,7.41666666666667,2.49264454669297,0.016666666666667,0.016081769096421,4271.07940947941,7965.71171405496,0.2,0.122474487139159,59,4.91666666666667,0.479674796747968,4.53846153846154,2.96128870075695,4.91666666666667,3.80091695475838,6.48739495798319,2.76131124041008,0.078090460166014,0.120296303276469,0.081937662760417,0.083417651217896,0.083333333333333,0.07286210516374
53,46,6.08695652173913,1.34703108858823,0.021739130434783,0.040808837183741,681.815873015873,561.929729436232,0.5,0.030743773095067,45,3.46153846153846,0.166666666666667,5,3.67423461417477,3.75,2.30118546524493,5.16483516483517,1.80901284476575,0.135230994276928,0.125729876545882,0.109290081521739,0.071802495559846,0.076923076923077,0.068313935324667
1565,86,8.27906976744186,2.48122912041924,0.011627906976744,0.038060440848451,8634.71177711178,13123.2979896137,0.2,0.071867614606337,85,6.53846153846154,0.289115646258503,6.53846153846154,3.90758630988885,7.72727272727273,5.86670110182731,7.33333333333333,2.76745795440721,0.080003333934684,0.082712260065744,0.057435501453488,0.077572786708235,0.076923076923077,0.064759665718265
1026,41,6.75609756097561,1.86789303501135,0.024390243902439,0.029335768180478,996.501587301587,769.182282400329,0.5,0.120725548007459,40,5,0.258064516129032,4.44444444444444,2.2973414586817,5,3.02371578407382,5.85185185185185,2.18008664455745,0.110105500285854,0.076156463810506,0.096798780487805,0.111887002465618,0.125,0.092875408568668
1005,33,6.36363636363636,2.23352554577653,0.03030303030303,0.048253761864282,882.653968253968,1058.19532074212,0.5,0.021427478217774,32,3.55555555555556,0.149532710280374,3.2,1.3984117975602,4,2.56347977784662,5.47692307692308,2.48185724501136,0.102598697275515,0.119817166627565,0.125355113636364,0.114988373029171,0.111111111111111,0.106863582120112
714,57,9.28070175438597,3.79263565519186,0.017543859649123,0.015670798793843,29122.386013986,61642.4319107985,0.5,0.086837674882559,56,14,0.448,3.5,1.50554530541816,14,11.8602979164381,8.3716814159292,3.93063674018756,0.062522685087063,0.082651231951226,0.067619457579496,0.107624127253612,0.25,0.19942745703601
901,2802,13.4007851534618,2.76245795693272,0.000356887937188,0.002427944929922,17395913.7539889,85561033.4325631,0.5,0.015646188591565,2801,280.1,0.068705847723705,116.708333333333,136.435835904064,280.1,76.4161850221099,12.4033553453507,3.09749979561684,0.04721710137616,0.066785606337355,0.003551411977587,0.006046057749395,0.1,0.097235633885816
805,44,6.18181818181818,1.61781833103098,0.022727272727273,0.048757760806877,824.457142857143,1002.5517249472,0.5,0.064282434653323,43,0.86,0.086,4.3,3.23350515007407,1.65384615384615,1.16420986741421,5.26436781609195,2.00846910412084,0.105473634540222,0.105007730852045,0.110662286931818,0.078597028748238,0.02,0.053420130904165
838,44,6.31818181818182,1.7884997906226,0.022727272727273,0.059981533451386,935.720634920635,1063.2739447817,0.5,0.064282434653323,43,1.72,0.086,4.3,2.75075747143703,2.15,1.63111198750713,5.40229885057471,2.14291569528334,0.111920209523246,0.137176976241472,0.10986328125,0.082767800239077,0.04,0.087627386156853
855,51,6.52941176470588,1.59189121709331,0.019607843137255,0.038995424568209,1031.16190476191,834.843356491235,0.5,0.013864838846795,50,5,0.1,5.55555555555556,3.20589734361189,5.55555555555556,3.32080980752855,5.6039603960396,1.99539072825746,0.122113649590576,0.092907059561122,0.095818014705882,0.082107862071191,0.1,0.111243074700076
918,27,5.62962962962963,1.71303033670538,0.037037037037037,0.073610974036318,366.539682539682,384.407937859888,0.5,0.026189140043946,26,0.52,0.104,2.88888888888889,1.69148192751537,1.36842105263158,0.760885910252682,4.75471698113208,2.02774657399783,0.115087652506771,0.123022987711171,0.14916087962963,0.11592765821464,0.02,0.05776936461792
933,28,5.82142857142857,1.86693592162391,0.035714285714286,0.07896312179223,443.034920634921,433.669991138037,0.5,0.101015254455221,27,1.08,0.108,3,1.4142135623731,1.5,0.618346942400842,4.94545454545455,2.15525354543679,0.114725952685318,0.124819381825784,0.143275669642857,0.118653082649584,0.04,0.098222200397297
863,32,5.40625,1.13192314226718,0.03125,0.047453202754007,305.219047619048,216.731566829952,0.5,0.044194173824159,31,3.1,0.124,3.875,3.04431554587515,3.1,2.02484567313166,4.50793650793651,1.62513538764061,0.137868830486149,0.116210800527755,0.144287109375,0.077947994416225,0.1,0.110257878384976
932,14,4.07142857142857,0.828741930164745,0.071428571428572,0.105601365292539,62.2666666666667,19.8038242011853,0.5,0.101015254455221,13,0.26,0.13,2.6,1.51657508881031,1.44444444444444,1.0137937550497,3.25925925925926,1.31829121892385,0.198257126301968,0.11291388205587,0.25,0.09334849922571,0.02,0.072208299490109
868,14,3.92857142857143,0.615727926214882,0.071428571428572,0.116213142567846,56.8,15.9187681523157,0.5,0.101015254455221,13,0.52,0.13,2.6,1.8165902124585,1.3,0.674948557710553,3.11111111111111,1.21949968724042,0.243299702461217,0.165358462040594,0.263392857142857,0.069027287962924,0.04,0.078769707882689
878,15,4.33333333333333,1.11269728052837,0.066666666666667,0.103762549441823,80.6666666666667,39.4365071379058,0.5,0.329983164553722,14,1.4,0.14,2.33333333333333,1.211060141639,1.75,0.707106781186548,3.51724137931034,1.50287081602351,0.168575869083757,0.086913662051453,0.23125,0.1137823737291,0.1,0.122829391648434
797,85,8.41176470588235,3.40969946185409,0.011764705882353,0.03515938100748,30895.2145632146,69203.3900817247,0.5,0.008318903308077,84,1.68,0.084,5.25,4.13924308700677,2.15384615384615,1.64698227291233,7.46745562130178,3.62043719893215,0.063660144543675,0.100750386294523,0.064320642807905,0.063931839968045,0.02,0.06085851020308
723,73,7.38356164383562,1.94814824460379,0.013698630136986,0.037126916311001,3173.21212121212,4671.43235834779,0.5,0.106550336891124,72,2.88,0.072,6,4.53270940447924,3.1304347826087,2.71869533928061,6.44137931034483,2.30601827974399,0.087505442192483,0.085218716467092,0.070426209332192,0.07424941831579,0.04,0.084418560436211
751,83,7.12048192771084,1.54917436989125,0.012048192771084,0.034444690062815,2412.10158730159,2325.83059935289,0.5,0.008519358809476,82,8.2,0.082,8.2,5.88406511029766,8.2,6.71317113342619,6.16969696969697,2.00190227346161,0.122509853319066,0.095405482695342,0.068900602409639,0.055359070356586,0.1,0.151964223206147
937,39,5.92307692307692,1.32555083653661,0.025641025641026,0.046690181081751,504.990476190476,324.519588503671,0.5,0.054392829322042,38,0.76,0.076,4.75,2.96407056017806,2,2.16024689946929,5.01298701298701,1.77329240689612,0.143755732563483,0.080688790289843,0.118990384615385,0.087244500725009,0.02,0.064861424635272
749,50,6.2,1.21218305346265,0.02,0.047740796741041,728.228571428571,447.456404502502,0.5,0.028284271247462,49,9.8,0.098,6.125,4.22365785952008,9.8,3.42052627529741,5.27272727272727,1.71914894594106,0.165608944436002,0.104314338649298,0.100625,0.071752890950079,0.2,0.144664750599527
896,44,6.75,2.12542745358789,0.022727272727273,0.054459015371008,1416.75728715729,1888.51020938593,0.5,0.032141217326661,43,1.72,0.086,3.90909090909091,2.21153998175685,2.52941176470588,1.87475488593921,5.83908045977012,2.41542313312918,0.093723592366959,0.104051625412145,0.101762251420455,0.09957671281285,0.04,0.084922291295092
936,49,6.46938775510204,1.63429445552108,0.020408163265306,0.045086915307801,1023.00952380952,1068.56297780284,0.5,0.01443075063646,48,4.8,0.096,4.8,3.35989417822777,4.8,3.22490309931942,5.54639175257732,2.02598031084492,0.106908420364629,0.097436797741798,0.098573022959184,0.082715383760029,0.1,0.132458190278702
873,23,4.8695652173913,1.05762804194046,0.043478260869565,0.084425798278842,161.904761904762,96.862002968386,0.5,0.030743773095067,22,0.44,0.088,3.14285714285714,2.19306265517513,1.69230769230769,1.70218562367208,4,1.53741222957161,0.162372176787124,0.124103641423299,0.182744565217391,0.086508277883773,0.02,0.06403436011135
744,27,5.25925925925926,1.25858872712478,0.037037037037037,0.0724566084906,243.580952380952,151.215348950567,0.5,0.026189140043946,26,5.2,0.104,3.71428571428571,1.88982236504614,5.2,1.78885438199983,4.37735849056604,1.68963372332972,0.165799211991313,0.102583647499261,0.159143518518519,0.093978791040901,0.2,0.163961085161716
832,29,6.17241379310345,2.49383476250134,0.03448275862069,0.079544516148262,966.33189033189,1520.60803892277,0.5,0.024382992454709,28,1.12,0.112,2.54545454545455,1.57249078621379,2,1.03774904332554,5.29824561403509,2.70558227348504,0.096208180239623,0.134735376562705,0.141870959051724,0.115194361666245,0.04,0.103307019544424
793,23,4.95652173913044,1.1862186242451,0.043478260869565,0.075916742413358,174.171428571429,104.28673094446,0.5,0.030743773095067,22,2.2,0.088,3.14285714285714,1.86445447147161,2.75,1.38873014965883,4.08888888888889,1.62119796085575,0.159049834183288,0.12880961540527,0.180027173913043,0.095581026033795,0.1,0.135277671486304
716,11,3.63636363636364,0.674199862463242,0.090909090909091,0.148084742323748,39.3333333333333,8.2138095100061,0.5,0.064282434653323,10,0.2,0.1,2.5,1.29099444873581,1.25,0.707106781186548,2.85714285714286,1.19522860933439,0.258000532740044,0.082751202305101,0.295454545454546,0.084274982807905,0.02,0.080025499212988
916,19,4.89473684210526,1.59494816502694,0.052631578947369,0.080266369411352,170.552380952381,171.411858091797,0.5,0.037216146378239,18,3.6,0.18,2.25,1.28173988892331,3.6,1.94935886896179,4.05405405405405,1.89950206846639,0.130122512439639,0.142863444126076,0.198601973684211,0.118919942744464,0.2,0.119480147329361
768,17,4.52941176470588,1.28051000868909,0.058823529411765,0.089643903371979,109.904761904762,83.4152957473978,0.5,0.124783549621156,16,0.64,0.16,2.28571428571429,1.38013111868471,1.14285714285714,0.363136519601281,3.6969696969697,1.64857606142484,0.155263505371455,0.148261245423327,0.219669117647059,0.10940576970025,0.04,0.05189977799489
783,14,4.21428571428571,1.1217137594956,0.071428571428572,0.101743050630735,71.8666666666667,37.9933957373926,0.5,0.101015254455221,13,1.3,0.13,2.16666666666667,1.16904519445001,1.85714285714286,1.4638501094228,3.40740740740741,1.50023739811813,0.165608944436001,0.104314338649298,0.243303571428571,0.113787089412784,0.1,0.127121878974988
806,77,7.54545454545455,2.191763616633,0.012987012987013,0.038989706302296,4777.12847152847,8990.14828088082,0.5,0.009183204950475,76,1.52,0.076,5.84615384615385,4.31752540710829,2.45161290322581,2.06298666464294,6.60130718954248,2.5166285646963,0.084195844403376,0.103754339974475,0.069034725040585,0.069301267356966,0.02,0.061515247521651
813,92,7.53260869565217,1.76940473604078,0.010869565217391,0.030743968368083,3642.00173160173,3544.7640559123,0.5,0.046115659642601,91,18.2,0.091,8.27272727272727,5.69369667423387,18.2,5.97494769851586,6.5792349726776,2.17705453410898,0.107714698338501,0.094517673610627,0.061427904211957,0.059110659525199,0.2,0.129493094862137
715,73,6.95890410958904,1.51325950778429,0.013698630136986,0.037617107858699,1810.53968253968,1336.07627186415,0.5,0.009686394262829,72,2.88,0.072,8,4.82182538049648,3.27272727272727,2.91436210747849,6.01379310344828,1.96492227333039,0.141698034048046,0.09348831482687,0.075288955479452,0.06211398219085,0.04,0.085527764197234
740,86,7.51162790697674,2.04504673351756,0.011627906976744,0.035034788261225,4973.21736041736,9586.82411509644,0.5,0.016444343748524,85,8.5,0.085,6.53846153846154,5.45611865424779,8.5,5.6813535163531,6.56140350877193,2.40110913483735,0.085867364605294,0.097345182298415,0.065103220385175,0.060190191643718,0.1,0.126253753129523
920,39,6.92307692307692,2.65948763748342,0.025641025641026,0.076911256851643,2070.85021645022,3305.76792148128,0.5,0.090654715536737,38,0.76,0.076,3.16666666666667,1.6966991126266,1.58333333333333,1.0179547554081,6.02597402597403,2.87445201172981,0.082263872350202,0.113713508276291,0.11073968349359,0.107129043265664,0.02,0.0720559589837
792,42,6.26190476190476,2.03696957853553,0.023809523809524,0.059809142826339,1422.57546897547,3205.87814334928,0.5,0.033671751485074,41,8.2,0.082,3.41666666666667,3.14666730867995,8.2,2.38746727726266,5.34939759036145,2.35005830202592,0.083372939560563,0.106756652516837,0.114571707589286,0.080263653127059,0.2,0.184545609762347
879,45,6.71111111111111,2.17027671279517,0.022222222222222,0.054533096243094,1507.18268398268,2034.17897357239,0.5,0.109994388184574,44,1.76,0.088,4,2.23606797749979,2.44444444444444,1.88561808316413,5.79775280898876,2.45958133577509,0.091839288976417,0.110407202408855,0.103190104166667,0.092597992656079,0.04,0.094502600630248
869,33,5.39393939393939,0.998104263697997,0.03030303030303,0.073861561742427,294.209523809524,144.959148831428,0.5,0.021427478217774,32,3.2,0.064,4.57142857142857,3.10145895008262,4,3.54562104171167,4.49230769230769,1.54235085303123,0.166473068899162,0.099134571674594,0.142045454545455,0.073585252416666,0.1,0.157845415527259
877,23,5.21739130434783,1.47575933425753,0.043478260869565,0.09113669531644,221.485714285714,184.077163782869,0.5,0.030743773095067,22,0.44,0.088,2.75,1.83225076262581,1.83333333333333,1.40345893053447,4.35555555555556,1.82352749506349,0.14648331280736,0.166992165228445,0.169497282608696,0.117575937258053,0.02,0.077656579621667
911,23,5,1.34839972492648,0.043478260869565,0.085826923919975,198.819047619048,187.299543804735,0.5,0.092231319285202,22,4.4,0.088,2.75,1.98206241793023,4.4,2.07364413533277,4.13333333333333,1.73990595357126,0.134070165221338,0.131972927313029,0.180366847826087,0.094660383351537,0.2,0.234050602639929
794,26,5.23076923076923,1.39449466998457,0.038461538461539,0.078482217486119,251.12380952381,210.533440281215,0.5,0.054392829322042,25,1,0.1,3.125,2.03100960115899,2.27272727272727,1.67874411932904,4.35294117647059,1.78688029158939,0.12553251774946,0.144412709930353,0.164963942307692,0.09368036275862,0.04,0.106288213781879
830,25,5.72,1.86010752377383,0.04,0.086994252683726,374.215873015873,386.195711923311,0.5,0.084852813742386,24,2.4,0.096,2.66666666666667,1.4142135623731,3,2,4.85714285714286,2.13111864209074,0.108015718299181,0.092958878366179,0.14828125,0.126598211830853,0.1,0.175177215994847
922,9,3.55555555555556,1.13038833052088,0.111111111111111,0.185637041322876,34.1333333333333,15.1565167502299,0.5,0.078567420131839,8,0.16,0.08,1.6,0.547722557505166,1.33333333333333,0.516397779494322,2.82352941176471,1.42457423980145,0.19706908487134,0.12184758058765,0.3125,0.131658590205881,0.02,0.089412388592025
726,16,4.875,1.82117178395303,0.0625,0.106426813663976,153.085714285714,156.235815951212,0.5,0,15,3,0.15,1.875,0.83452296039628,3,2.34520787991171,4.06451612903226,2.04834052948507,0.118625715244488,0.114936123692332,0.20849609375,0.142941531732875,0.2,0.174605225451115
775,14,4.42857142857143,1.50457178749844,0.071428571428572,0.144000915748004,92.4380952380952,76.1269372421522,0.5,0.101015254455221,13,0.52,0.13,1.85714285714286,0.899735410842437,1.3,0.674948557710553,3.62962962962963,1.77911274663585,0.138062953442013,0.114744866233301,0.235491071428571,0.134021545109626,0.04,0.100826613423169
762,15,4.33333333333333,1.11269728052837,0.066666666666667,0.111012654791287,80.6666666666667,39.4365071379058,0.5,0.047140452079103,14,1.4,0.14,2.33333333333333,1.211060141639,2,1.29099444873581,3.51724137931034,1.50287081602351,0.168575869083757,0.086913662051453,0.23125,0.1137823737291,0.1,0.179590229446708
866,69,7.10144927536232,1.84824978844241,0.014492753623188,0.040960031877718,2312.87157287157,2638.47302334615,0.5,0.051239621825112,68,1.36,0.068,6.18181818181818,4.16696968595122,2.06060606060606,2.38405371609201,6.16058394160584,2.22364822335072,0.10520260265677,0.108292033193384,0.077205049818841,0.068049214728284,0.02,0.071867197536152
912,76,7.36842105263158,1.84638100266915,0.013157894736842,0.040986844273605,2852.99855699856,2965.33441594108,0.5,0.037216146378239,75,15,0.075,6.81818181818182,4.57860637788797,15,2.91547594742265,6.42384105960265,2.22542006848959,0.097243417901732,0.084957484019367,0.069014699835526,0.070652235181402,0.2,0.2021600586793
903,75,7.74666666666667,2.62057005008212,0.013333333333333,0.042417912245646,7804.55562215562,16704.8199736649,0.5,0.065996632910745,74,2.96,0.074,5.28571428571429,3.66749907301276,3.52380952380952,2.61952376624164,6.80536912751678,2.89145491374665,0.07526723312994,0.107166368997065,0.0710107421875,0.068510839383378,0.04,0.096468913643637
913,71,7.09859154929578,1.7415504551771,0.014084507042254,0.039611595156279,2292.60490620491,2723.02403783294,0.5,0.029877751317742,70,7,0.07,6.36363636363636,4.86359388256724,7,4.94413232473044,6.15602836879433,2.13903746024522,0.09741973616591,0.084496536382593,0.074507592429578,0.068645992002852,0.1,0.152906799440882
766,46,6.23913043478261,1.44813723426869,0.021739130434783,0.053056965102555,750.273015873016,579.029334653614,0.5,0,45,0.9,0.09,5,3.35410196624968,1.73076923076923,1.42990048066828,5.31868131868132,1.87900163135829,0.121666426923097,0.096442898097664,0.105383831521739,0.081657295490459,0.02,0.067532614125753
870,55,6.49090909090909,1.51379737467816,0.018181818181818,0.048029732654422,1073.86666666667,881.489443030161,0.5,0.064282434653323,54,10.8,0.108,6,3.67423461417477,10.8,3.70135110466435,5.55963302752294,1.9457036842868,0.136689495714101,0.118255281499036,0.094247159090909,0.069943025787356,0.2,0.155773744896551
779,46,6.71739130434783,2.11516265177841,0.021739130434783,0.053742776168878,1514.61125541126,2061.50089296215,0.5,0.061487546190135,45,1.8,0.09,4.09090909090909,2.46797672009059,2.5,1.61791441640883,5.8021978021978,2.41393998001322,0.095507404034295,0.097631046819601,0.100607167119565,0.09212647663095,0.04,0.084914643152698
824,44,6.43181818181818,1.88504182018537,0.022727272727273,0.054782599357725,1029.84126984127,1120.98685178758,0.5,0.032141217326661,43,4.3,0.086,4.3,2.66874918683308,4.3,2.66874918683308,5.51724137931035,2.21969026210037,0.104598205009185,0.110412384819065,0.107466264204545,0.087370258485657,0.1,0.145383342940308
769,23,4.95652173913044,1.1862186242451,0.043478260869565,0.085962396411675,174.171428571429,104.28673094446,0.5,0.092231319285202,22,0.44,0.088,3.14285714285714,1.86445447147161,1.57142857142857,1.08940955880384,4.08888888888889,1.62119796085575,0.159049834183288,0.12880961540527,0.180027173913043,0.095581026033795,0.02,0.068401162887144
730,22,4.81818181818182,1.00647255948039,0.045454545454546,0.079728543775995,145.6,63.1505532909442,0.5,0,21,4.2,0.084,3.5,1.87082869338697,4.2,1.78885438199983,3.95348837209302,1.49528605914423,0.204668651385435,0.084721192848854,0.186079545454545,0.093241314748206,0.2,0.190112902973629
746,20,5.05,1.66938375014949,0.05,0.073807716042216,196.457142857143,184.742870631574,0.5,0,19,0.76,0.076,2.375,1.18773493916542,1.9,1.44913767461894,4.20512820512821,1.96253712240434,0.130204752386566,0.142315759841979,0.189453125,0.122110807427956,0.04,0.098948693615761
935,23,4.82608695652174,1.02921743939238,0.043478260869565,0.08079877899911,158.438095238095,97.7580486458075,0.5,0.030743773095067,22,2.2,0.088,3.14285714285714,2.26778683805536,3.66666666666667,2.16024689946929,3.95555555555556,1.52189408835228,0.153313423556229,0.147630440311491,0.185461956521739,0.07967974948746,0.1,0.157115461678485
876,12,3.91666666666667,0.996204919895622,0.083333333333333,0.089578135860501,51.6,20.2400143729737,0.5,0.117851130197758,11,0.22,0.11,2.2,0.836660026534076,1.22222222222222,0.666666666666667,3.1304347826087,1.3916748518532,0.206059560697858,0.0714173396086,0.270833333333333,0.112542079672315,0.02,0.062612649539355
829,15,4.33333333333333,1.11269728052837,0.066666666666667,0.11159023681479,80.6666666666667,39.4365071379058,0.5,0.14142135623731,14,2.8,0.14,2.33333333333333,1.211060141639,2.8,1.78885438199983,3.51724137931034,1.50287081602351,0.168575869083757,0.086913662051453,0.23125,0.1137823737291,0.2,0.122455476512494
812,11,4,1.34164078649987,0.090909090909091,0.129804048122895,54.4,33.8317405207989,0.5,0.064282434653323,10,0.4,0.1,1.66666666666667,0.816496580927726,1.25,0.462910049886276,3.23809523809524,1.60949563232591,0.156195752848282,0.142606103687912,0.269886363636364,0.139245123955759,0.04,0.083960943686231
789,14,4.35714285714286,1.33630620956212,0.071428571428572,0.119476881758461,81.4666666666667,47.9197905336232,0.5,0,13,1.3,0.13,2.16666666666667,0.752772652709081,2.6,2.07364413533277,3.55555555555556,1.64862024673626,0.165862629495634,0.102000622171454,0.236607142857143,0.130707605065574,0.1,0.170125288567638
837,67,7.19402985074627,2.16192118524627,0.014925373134328,0.043895990509535,3308.59220779221,5564.69523922643,0.5,0.094984492995208,66,1.32,0.066,5.5,3.77792631912366,2.0625,1.60518313697404,6.25563909774436,2.48527217989434,0.091927251377701,0.112812388945157,0.079305620335821,0.068007857227746,0.02,0.064846055615156
743,88,7.60227272727273,2.00309974001372,0.011363636363636,0.03108911248911,4917.98503718504,9108.12188615575,0.5,0.048211825989992,87,17.4,0.087,6.69230769230769,5.43728816268759,17.4,4.61519230368573,6.65142857142857,2.36562686748998,0.078114649013256,0.091539432359596,0.062586004083807,0.062335694935011,0.2,0.129766528221236
917,71,7.04225352112676,1.68554035183558,0.014084507042254,0.036140498248946,2157.04935064935,2579.17005131337,0.5,0.029877751317742,70,2.8,0.07,6.36363636363636,4.96533437489818,3.04347826086957,2.70484852322581,6.09929078014184,2.09524960851585,0.09631006615588,0.08944618553946,0.0751953125,0.066746508380972,0.04,0.087907811513245
910,88,7.30681818181818,1.51132091532239,0.011363636363636,0.034746101019397,2711.70793650794,2378.94469069543,0.5,0.016070608663331,87,8.7,0.087,8.7,6.65081448646204,8.7,4.62000481000231,6.35428571428571,1.97401843164468,0.110888219257267,0.071282305349387,0.063165838068182,0.060882247480513,0.1,0.132860549970282
888,48,6.27083333333333,1.37978696063472,0.020833333333333,0.04770446847054,771.301587301587,566.920041685443,0.5,0.058925565098879,47,0.94,0.094,5.22222222222222,3.86580450158107,1.80769230769231,1.20064085451831,5.34736842105263,1.83215035300421,0.121849498850332,0.095439242853967,0.102132161458333,0.079736291120011,0.02,0.048897645068406
884,66,7.12121212121212,1.80183796347509,0.015151515151515,0.033764907784103,2159.23347763348,2498.17278341949,0.5,0.042854956435548,65,13,0.13,5.90909090909091,4.34636734422081,13,1.58113883008419,6.18320610687023,2.17963132633288,0.095547980757766,0.09286790985061,0.07663056344697,0.077147005390982,0.2,0.09505035518908
926,54,6.98148148148148,1.86821214847941,0.018518518518519,0.035005520179635,1629.78412698413,1644.03481516029,0.5,0.104756560175785,53,2.12,0.106,5.3,3.05686840482943,2.65,1.72520021721355,6.05607476635514,2.21415589649417,0.108966100028295,0.086554616562162,0.083803530092593,0.087887159685451,0.04,0.063870736148802
943,59,7.23728813559322,2.1442704976916,0.016949152542373,0.040765698786422,2382.82712842713,2586.6001400372,0.5,0.011984860698077,58,5.8,0.116,5.27272727272727,2.90141031537799,5.8,3.29309040939426,6.30769230769231,2.45462806530685,0.094502301965618,0.099585062320188,0.082279528601695,0.084682441988561,0.1,0.097458244039248
732,27,5.40740740740741,1.27879929438815,0.037037037037037,0.055775291939023,258.647619047619,145.271547171435,0.5,0.130945700219731,26,0.52,0.104,3.71428571428571,2.05866345916355,1.3,0.571240570577479,4.52830188679245,1.6939232294032,0.144616424175397,0.07051185492864,0.148726851851852,0.103791223778593,0.02,0.051136871979029
776,35,5.71428571428571,1.36277028773849,0.028571428571429,0.050093022711449,419.847619047619,306.622975818382,0.5,0.020203050891044,34,6.8,0.136,4.25,2.49284690951645,6.8,2.16794833886788,4.81159420289855,1.79275799947226,0.137783332172124,0.110353958669462,0.131696428571429,0.086044862271183,0.2,0.060026099959049
773,33,6.06060606060606,1.93551339990508,0.03030303030303,0.061546976392267,671.009523809524,860.87209855357,0.5,0.021427478217774,32,1.28,0.128,3.2,1.93218356615859,1.68421052631579,1.05686284083011,5.16923076923077,2.23305585723655,0.104717334152617,0.109869947773713,0.129083806818182,0.106452438968595,0.04,0.058223658468491
763,37,5.94594594594595,1.68235856176094,0.027027027027027,0.057914921549961,643.403174603175,861.584818281387,0.5,0.095554970430615,36,3.6,0.144,3.6,2.63312235441753,3.6,2.27058484879019,5.04109589041096,2.04422191231491,0.103869501847544,0.112825492160247,0.125580658783784,0.086272067215396,0.1,0.114623212641032
850,17,4.76470588235294,1.4374200745044,0.058823529411765,0.103976100195019,124.971428571429,84.4097328108393,0.5,0.207972582701926,16,0.32,0.16,2.28571428571429,1.11269728052837,1.06666666666667,0.258198889747161,3.93939393939394,1.7489174140628,0.139915985834022,0.102856709021696,0.203125,0.130932232516362,0.02,0.042676586278556
754,18,5.5,2.45548605467551,0.055555555555556,0.08699034579445,382.774603174603,584.719260810621,0.5,0.078567420131839,17,3.4,0.17,1.7,0.823272602348565,3.4,1.34164078649987,4.68571428571429,2.60961377096563,0.092267372413252,0.112421802128467,0.185655381944444,0.149728135551851,0.2,0.135690261352805
889,14,4.57142857142857,1.78516475060796,0.071428571428572,0.08456741897237,111.009523809524,97.4526801046788,0.5,0,13,0.52,0.13,1.85714285714286,1.0690449676497,1.3,0.674948557710553,3.77777777777778,2.00640001635791,0.198509705943404,0.242957227460131,0.236607142857143,0.148277006208161,0.04,0.076396047159554
808,16,4.25,0.856348838577675,0.0625,0.092556289179432,77.8666666666667,26.5083299276955,0.5,0,15,1.5,0.15,3,1.4142135623731,1.66666666666667,0.866025403784439,3.41935483870968,1.36073983671597,0.258000532740044,0.082751202305101,0.234375,0.092702481088696,0.1,0.109683347821167
904,86,7.7093023255814,2.12473543858866,0.011627906976744,0.031528156048253,4844.9189033189,6137.74515392541,0.5,0.032888687497049,85,1.7,0.085,7.08333333333333,4.56186431852221,2.2972972972973,1.69746321944877,6.76023391812866,2.4652521534834,0.084846312458723,0.097415681644022,0.063107512718023,0.064683274059641,0.02,0.048178828898605
799,118,7.83050847457627,1.76531193701575,0.008474576271186,0.020056208137673,6464.78561438562,11273.1933262171,0.5,0.023969721396154,117,23.4,0.117,9,8.41625411530173,23.4,3.64691650576209,6.86808510638298,2.18865630078876,0.087446959293553,0.087251452739016,0.051106081170551,0.049403801741474,0.2,0.058274941003794
849,101,7.99009900990099,2.8160079882875,0.00990099009901,0.03035440823027,24510.0655788656,70740.0895794169,0.5,0.063009515155237,100,4,0.1,6.25,6.22361095613578,4.34782608695652,2.85416275977537,7.03482587064677,3.08768215568367,0.067480967296606,0.111886465979698,0.059413494450031,0.047685068053034,0.04,0.067643133513589
845,110,7.89090909090909,1.88351347730316,0.009090909090909,0.02136384043343,6063.83376623377,7852.87666393986,0.5,0.012856486930665,109,10.9,0.109,9.08333333333333,6.81520136877625,10.9,4.84079883214882,6.93150684931507,2.27871342536811,0.096951044937478,0.088383252619435,0.052849786931818,0.055031666713819,0.1,0.090787892170198
1012,41,7.39024390243903,2.13164313125448,0.024390243902439,0.03967773904429,1675.84935064935,1826.35622220773,0.5,0.017246506858209,40,1.42857142857143,0.206185567010309,3.63636363636364,2.54057974772402,2.10526315789474,1.24252148839479,6.49382716049383,2.38287356352642,0.089195825041608,0.118473814159433,0.075909870426829,0.099076771569192,0.035714285714286,0.03720412412216
1473,21,5.19047619047619,1.47034171603228,0.047619047619048,0.096223945143855,189.542857142857,114.680375703206,0.5,0.303045763365663,20,2.22222222222222,0.2,2.85714285714286,1.3451854182691,2.85714285714286,1.57359158493889,4.34146341463415,1.79735578138499,0.140386577240873,0.098898168684696,0.171130952380952,0.128560254454079,0.111111111111111,0.111273954059466
1044,2257,15.8396101019052,4.20612199766716,0.000443066016837,0.000870614860745,648888374.354466,5875500299.37009,0.333333333333333,0.083902635336481,2256,83.5555555555556,0.206291148500366,72.7741935483871,73.8682203555401,83.5555555555556,48.6915988120312,14.8433414580102,4.43046759242215,0.03194883544667,0.047423655686619,0.003202409669179,0.014477855227129,0.037037037037037,0.025597312150223
1011,26,5.38461538461539,1.49871740036401,0.038461538461539,0.083132935391451,275.161904761905,215.893278750228,0.5,0.108785658644084,25,3.57142857142857,0.074404761904762,3.125,1.64208056179609,5,1.87082869338697,4.50980392156863,1.85873665719066,0.137541416339351,0.116210617808435,0.158353365384615,0.107655177160558,0.142857142857143,0.260862731841768
931,207,12.5265700483092,4.80574285536732,0.004830917874396,0.004250297219062,2793474.95473346,8825364.40710559,0.5,0.030743773095067,206,68.6666666666667,0.311178247734139,8.95652173913044,4.98614681683676,68.6666666666667,6.65832811847939,11.5593220338983,4.96536465339537,0.042158998155826,0.06922168332247,0.024648780408113,0.056032472657474,0.333333333333333,0.036632517406036
795,220,12.8090909090909,4.3468257553011,0.004545454545455,0.004156328210867,1639520.39907557,4056859.08373303,0.5,0.019284730395997,219,73,0.330815709969788,10.4285714285714,5.62646806239428,73,7.21110255092798,11.8405466970387,4.52361592869056,0.0457469521042,0.076705496439925,0.02208138812672,0.057163710162215,0.333333333333333,0.034948119717849
827,213,13.4272300469484,4.95932610385483,0.004694835680751,0.004288285189655,6717214.51822415,31018962.7284711,0.5,0.02323825102491,212,70.6666666666667,0.3202416918429,8.48,5.59851170699261,70.6666666666667,1.15470053837925,12.4611764705882,5.10955667033546,0.038257247446373,0.06941961121594,0.02342642388993,0.056197194336031,0.333333333333333,0.01546946613223
774,212,11.061320754717,3.27000067407901,0.004716981132075,0.004483513041048,161748.828860029,237923.233151249,0.5,0.020012456071318,211,70.3333333333333,0.318731117824773,13.1875,7.41366980651283,70.3333333333333,4.04145188432738,10.0898345153664,3.51455547822435,0.062747627332413,0.079417669753067,0.025582655420843,0.052441283353321,0.333333333333333,0.024819005664
818,2,1,0,0.5,0.045619792334616,4,0,0.5,0,1,0.125,0.003225806451613,1,,1,,0.666666666666667,0.577350269189626,0.5,,0.5,0,0.125,0.353553390593274
819,1312,13.4169207317073,3.36003164142734,0.000762195121951,0.003197283763284,11211713.6234966,76996435.3893176,0.5,0.003233720035914,1311,218.5,0.13775349374803,52.44,51.234005634279,218.5,138.836234463486,12.4224170796798,3.63473170291033,0.043099533374117,0.061848524794132,0.00622703057782,0.013875169775909,0.166666666666667,0.210483910092243
803,543,11.7605893186004,2.90783285334376,0.001841620626151,0.007041091882583,812021.580482126,2557578.1907333,0.5,0.027346671095612,542,108.4,0.076027493337074,27.1,24.6809110127858,108.4,24.1412510032103,10.7723502304147,3.21044916833538,0.052793156580414,0.068037843745224,0.012719089374577,0.026940399551413,0.2,0.34975187421726
1075,14,5,2.3858557568109,0.071428571428572,0.134236273311767,205.796825396825,275.688028104321,0.5,0.101015254455221,13,1.625,0.1,1.44444444444444,0.726483157256779,2.6,1.14017542509914,4.22222222222222,2.51661147842358,0.098753110315279,0.13068540918372,0.222935267857143,0.162193265522191,0.125,0.143582148488527
735,513,12.1267056530214,3.50857324227296,0.001949317738791,0.012845636631581,2481321.06108311,13267994.4074016,0.5,0.01240538212608,512,42.6666666666667,0.0625,22.2608695652174,19.4824335592683,42.6666666666667,11.0563296008406,11.139512195122,3.76079822344127,0.042817116960474,0.063380783816702,0.013084394425212,0.028491702602723,0.083333333333333,0.117362409264619
761,407,12.2579852579853,3.76852127247053,0.002457002457002,0.01718570350942,2409601.15309211,9080375.37030431,0.5,0.033009898876031,406,19.3333333333333,0.049560546875,18.4545454545455,14.0500034662842,19.3333333333333,10.6458129484475,11.2742927429274,3.99843453330822,0.045220868176426,0.062419559660748,0.014251376252795,0.035150747922942,0.047619047619048,0.112164533197133
796,10,3.6,0.966091783079296,0.1,0.20570391454871,37.4666666666667,15.6309285049202,0.5,0.14142135623731,9,1.28571428571429,0.043062200956938,1.8,0.836660026534076,1.5,0.547722557505166,2.84210526315789,1.34425352663091,0.19706908487134,0.12184758058765,0.30625,0.111024271620619,0.142857142857143,0.240417070423821
150,27569,21.6672712104175,5.59987174039664,3.62726250498749E+AC0-05,0.000167685714865,4504650201588.95,83242929464022.1,0.142857142857143,0.170806843725778,27568,510.518518518519,0.047448245475137,641.116279069767,682.598369303869,530.153846153846,1137.51435904948,20.6676823185882,5.77488361306136,0.024407924044568,0.04322905575793,0.000381824938541,0.002194422845069,0.018518518518519,0.052845287539967
987,3,1.66666666666667,0.577350269189626,0.333333333333333,0.225293882148036,6,0,0.5,0.235702260395516,2,0.090909090909091,0.004,1,0,1,0,1.2,0.836660026534076,0.353553390593274,0,0.5,0,0.045454545454546,0.163103118522824
351,15028,17.2036864519563,3.63933974175858,6.65424540857067E+AC0-05,0.00138383021504,7692372936.2452,127371928151.822,0.5,0.069543773129739,15027,1878.375,0.030757422246784,441.970588235294,556.146344665226,1878.375,973.101512470014,16.204292131093,3.90305444184587,0.032826952384284,0.051188556097333,0.000757592677881,0.002218319591244,0.125,0.184673046946489
983,529,12.9565217391304,3.41176662671284,0.001890359168242,0.003807885139511,5811258.35799306,47562021.9815359,0.5,0.09757806243217,528,58.6666666666667,0.358452138492872,21.12,21.1508865062437,58.6666666666667,49.6613531833356,11.9697256385998,3.66843507894612,0.038009802833034,0.055686157306106,0.010068186627444,0.034445039476811,0.111111111111111,0.099721518785662
890,10,5,2.3094010767585,0.1,0.073790609887746,105.142857142857,73.8341996642509,0.5,0,9,1.28571428571429,0.083333333333333,1.28571428571429,0.487950036474267,3,3.46410161513775,4.31578947368421,2.31066684888794,0.133235659788571,0.127495176401388,0.203125,0.188581947814913,0.142857142857143,0.345173449648993
900,107,11.2242990654206,3.82224968630165,0.009345794392523,0.009805517126,240601.034844069,625728.179075212,0.5,0.006608474590528,106,17.6666666666667,0.265,5.57894736842105,3.65628514378072,17.6666666666667,2.87518115371304,10.2816901408451,3.9888397326752,0.045742776149427,0.086171362538759,0.033130538797824,0.085480933447445,0.166666666666667,0.021952832863831
906,101,9.53465346534654,3.20176312813938,0.00990099009901,0.009406917614708,38882.1534465535,76025.2399354603,0.5,0.007001057239471,100,14.2857142857143,0.25,6.25,3.58701361395056,14.2857142857143,3.03942350423485,8.58706467661692,3.42105712328748,0.059570919257248,0.07211084503335,0.044521520633509,0.077102546960523,0.142857142857143,0.035853633742498
907,101,9.56435643564356,2.95098573898336,0.00990099009901,0.010313345674896,28671.1262515263,49106.7779871076,0.5,0.077011629634179,100,14.2857142857143,0.25,6.66666666666667,3.92185573178723,14.2857142857143,3.94606494769518,8.61691542288557,3.18708525738031,0.063501862127825,0.074709379843255,0.042121509514233,0.081151935097635,0.142857142857143,0.04432415450714
908,95,8.24210526315789,2.36874951063234,0.010526315789474,0.011611478276755,8237.86036186036,11319.609299129,0.5,0.007443229275648,94,13.4285714285714,0.235,7.23076923076923,4.49358517136459,13.4285714285714,3.86683086679272,7.29100529100529,2.67672663403944,0.079170239765188,0.086061888766665,0.055558696546053,0.068555032712298,0.142857142857143,0.057757669079382
909,88,10.5454545454545,3.95058293649684,0.011363636363636,0.013755401712783,102073.943465685,221923.636373572,0.5,0.096423651979984,87,12.4285714285714,0.2175,4.83333333333333,2.38253448836219,12.4285714285714,4.19750492781696,9.61142857142857,4.10464913228634,0.051046088150648,0.080223316978652,0.045967708934437,0.089725502105005,0.142857142857143,0.049871081857528
1560,35,8.51428571428571,3.02315990286973,0.028571428571429,0.112361080657077,3755.13708513708,3799.88937553543,0.333333333333333,0.216339365554296,34,0.971428571428571,0.015992474129821,2.83333333333333,1.58592292219752,1.61904761904762,0.973457265430305,7.65217391304348,3.13343490793261,0.06823640832974,0.137369956217741,0.080078125,0.145434156495854,0.028571428571429,0.079180463909721
991,46,8.34782608695652,2.44237945276821,0.021739130434783,0.058422730711099,3801.22251082251,4417.4890890319,0.5,0.061487546190135,45,7.5,0.026041666666667,3.75,2.34035739306473,7.5,1.7606816861659,7.45054945054945,2.64685866752662,0.08033647277382,0.114770993495134,0.057065217391304,0.102998855900076,0.166666666666667,0.130430732126066
23499,105,9.38095238095238,3.43729811261961,0.00952380952381,0.014902727559153,60919.6264807088,145671.762536287,0.5,0.114483955049251,104,11.5555555555556,0.375451263537906,6.11764705882353,3.82234144440905,11.5555555555556,7.40120110372484,8.43062200956938,3.64747279418517,0.058872901038601,0.077728205459897,0.047801426478795,0.071999970504884,0.111111111111111,0.067982005875103
825,50,6.58,1.62994929181173,0.02,0.057208045162631,1045.6380952381,830.340329409364,0.5,0.056568542494924,49,2.45,0.096837944664032,5.44444444444444,3.08670986290869,3.26666666666667,2.63131326979695,5.65656565656566,2.02112120914947,0.124292162732386,0.082488644974378,0.095078125,0.086981497751259,0.05,0.103943937464315
853,56,7.58928571428571,2.89059154508545,0.017857142857143,0.052128384579075,6590.25374625375,14197.2502551576,0.5,0.050507627227611,55,4.23076923076923,0.108695652173913,3.92857142857143,2.52569215842329,4.23076923076923,3.72276434373361,6.66666666666667,3.11399577664609,0.069923134396287,0.100864370601919,0.085547310965402,0.086955350923991,0.076923076923077,0.162113858971982
778,2,1,0,0.5,0.011223917161691,4,0,0.5,0,1,0.071428571428572,0.003968253968254,1,,1,,0.666666666666667,0.577350269189626,0.5,,0.5,0,0.071428571428572,0.267261241912424
1463,23,5.04347826086957,1.29608714878021,0.043478260869565,0.043860180289413,188.609523809524,123.465782964256,0.5,0.030743773095067,22,4.4,0.22,3.14285714285714,1.57359158493889,4.4,2.60768096208106,4.17777777777778,1.69610367512357,0.163841642369422,0.114640062904652,0.176630434782609,0.103315808176293,0.2,0.122387794492227
725,395,9.88354430379747,1.880060371354,0.00253164556962,0.015824023609265,75054.0606948607,147655.808068691,0.5,0.008950718749197,394,49.25,0.048095703125,24.625,26.1148106126262,49.25,16.1488610832379,8.89733840304183,2.32091691868965,0.069292463960841,0.068893741157025,0.018605447117286,0.025933691986496,0.125,0.183889998359108
833,862,12.2668213457077,2.94404477556294,0.001160092807425,0.005520362860644,2548107.88467205,11252602.8748405,0.5,0.021328046764327,861,26.90625,0.1051025390625,39.1363636363636,39.0400227538788,26.90625,9.06022635550035,11.2745211839814,3.25058303355852,0.046002100531869,0.055030725122279,0.008612778236584,0.020462541973611,0.03125,0.042000428491859
997,120,7.65,1.47614077805562,0.008333333333333,0.01636280540006,4492.6176046176,4085.81586441636,0.5,0.058925565098879,119,29.75,0.1904,10.8181818181818,9.17407414203942,29.75,0.957427107756338,6.68619246861925,1.96766341312177,0.109085999465064,0.085785117474188,0.051554361979167,0.045123131573112,0.25,0.020968033806697
1121,2,1,0,0.5,0.303045763365663,4,0,0.5,0,1,0.1,0.003401360544218,1,,1,,0.666666666666667,0.577350269189626,0.5,,0.5,0,0.1,0.316227766016838
463,27,5.92592592592593,1.83818317338544,0.037037037037037,0.085886804631891,429.492063492063,397.936277042042,0.5,0.026189140043946,26,0.838709677419355,0.144444444444444,2.88888888888889,1.53659074288215,1.52941176470588,1.06757008311068,5.05660377358491,2.11601125432901,0.106024771904637,0.100746395513352,0.136140046296296,0.128639427851123,0.032258064516129,0.043794736597732
745,11,3.72727272727273,0.904534033733291,0.090909090909091,0.190460431878689,42.8,15.8348139658581,0.5,0.064282434653323,10,0.666666666666667,0.062893081761006,2,1,1.42857142857143,0.786795792469443,2.95238095238095,1.32197543381829,0.202719488247037,0.100554838041136,0.289772727272727,0.104667357288785,0.066666666666667,0.221365691693319
1553,210,11.0666666666667,3.63467265308113,0.004761904761905,0.006001551297249,367897.881798422,961985.179774011,0.333333333333333,0.034338583575848,209,17.4166666666667,0.298571428571429,11,6.86375342732467,17.4166666666667,14.0548169247372,10.0954653937948,3.85570520679968,0.052578491478151,0.087610509560869,0.02650397164481,0.051604067499175,0.083333333333333,0.073579146316072
1554,182,8.81318681318681,1.93777275983935,0.005494505494506,0.007388767982252,16795.0696414696,20103.1172083869,0.2,0.044738907661148,181,15.0833333333333,0.362,13.9230769230769,11.1986720824505,15.0833333333333,11.912242238618,7.84022038567493,2.34387221662585,0.088252040498933,0.080714135171555,0.034380902300824,0.043301261419202,0.083333333333333,0.063474572224181
1552,430,10.3209302325581,2.12856673267424,0.002325581395349,0.002404846589905,123884.369204652,281851.076895646,0.2,0.046366051249714,429,35.75,0.39,25.2352941176471,25.3513545293065,35.75,27.3200725408328,9.33410942956927,2.52657451513942,0.074515629351176,0.07395636852489,0.016938284940498,0.025946135849485,0.083333333333333,0.063399491291246
1549,276,9.94202898550725,2.62233238567787,0.003623188405797,0.005582052927733,106270.527464692,290698.657196069,0.125,0.0067088413027,275,6.875,0.366666666666667,16.1764705882353,13.328706304991,6.875,3.32193564210031,8.96188747731397,2.94315836444876,0.066495061296624,0.08869008984383,0.024758822676064,0.03237258756439,0.025,0.015460148725938
1551,127,8.48818897637795,2.14130260656764,0.007874015748032,0.012064142149746,12317.6696192696,22410.4375567565,0.125,0.032989750002367,126,3.15,0.315,9,7.45241313525099,3.23076923076923,1.96631552939339,7.52569169960474,2.49688933773428,0.074844900055706,0.071160809695773,0.044230784018209,0.058246766340083,0.025,0.026057021252137
1555,355,10.4816901408451,2.72082935694097,0.002816901408451,0.003410311130971,236145.538362291,636674.624189424,0.125,0.022125936379595,354,8.85,0.354,19.6666666666667,17.3137143872236,8.85,3.5340831328286,9.49788434414669,3.03632593419995,0.059827592633311,0.070189828452608,0.01912431313958,0.03149265733016,0.025,0.014939055331612
1547,285,9.36140350877193,1.88934693109656,0.003508771929825,0.004429108290288,36358.3687423687,45279.9891818813,0.5,0.131497050536446,284,14.2,0.284,20.2857142857143,18.0103755200614,14.2,5.80924852464178,8.37961335676626,2.3203036450373,0.088201622997995,0.082080901904948,0.024737441748904,0.030111963647137,0.05,0.016103664814649
756,11,3.72727272727273,0.904534033733291,0.090909090909091,0.190460431878689,42.8,15.8348139658581,0.5,0.064282434653323,10,0.666666666666667,0.062893081761006,2,1,1.42857142857143,0.786795792469443,2.95238095238095,1.32197543381829,0.202719488247037,0.100554838041136,0.289772727272727,0.104667357288785,0.066666666666667,0.222072343409101
951,2,1,0,0.5,0.674218093689499,4,0,0.5,0,1,0.25,0.001788908765653,1,,1,,0.666666666666667,0.577350269189626,0.5,,0.5,0,0.25,0.5
947,28,7.03571428571429,2.21914469438186,0.035714285714286,0.088569864334844,937.688888888889,927.068369219408,0.5,0.151522881682832,27,6.75,0.04830053667263,2.7,1.56702123647242,6.75,4.3493294502333,6.18181818181818,2.396686826456,0.100197400756392,0.122507132272225,0.090122767857143,0.124014710256465,0.25,0.217027611010847
950,14,5,1.79743406854583,0.071428571428572,0.178786902887256,127.942857142857,91.2948481790145,0.5,0.202030508910442,13,3.25,0.023255813953488,1.85714285714286,0.690065559342354,4.33333333333333,2.08166599946613,4.22222222222222,1.96768769671279,0.133235659788571,0.127495176401388,0.185267857142857,0.135435376630819,0.25,0.311266780027107
949,90,10.1,3.42183996762633,0.011111111111111,0.037076689899574,50030.6703518704,95110.8652227894,0.5,0.031426968052736,89,22.25,0.159212880143113,5.5625,2.92047370586805,22.25,14.9080515158756,9.16201117318436,3.60890104034117,0.056964145678422,0.086624223527864,0.044792005750868,0.089461462591595,0.25,0.118738560470576
1061,12,3.91666666666667,0.996204919895622,0.083333333333333,0.122144422112986,51.6,20.2400143729737,0.5,0,11,0.379310344827586,0.102803738317757,2.2,0.836660026534076,1.57142857142857,0.786795792469443,3.1304347826087,1.3916748518532,0.206059560697858,0.0714173396086,0.270833333333333,0.112542079672315,0.03448275862069,0.083789808761346
1059,14,4.57142857142857,1.65084061171111,0.071428571428571,0.15412408067557,102.038095238095,78.8845037560923,0.5,0.101015254455221,13,0.448275862068966,0.107438016528926,1.85714285714286,0.690065559342354,1.3,0.674948557710553,3.77777777777778,1.88788309068718,0.133181056807013,0.127898393466591,0.228794642857143,0.148277006208161,0.03448275862069,0.06547964970332
748,41,7.04878048780488,2.44899182840812,0.024390243902439,0.051939097508254,1985.74372294372,3198.35397114045,0.5,0.086232534291042,40,8,0.245398773006135,3.33333333333333,1.82574185835055,10,4.96655480858378,6.14814814814815,2.68379913141386,0.079416559526217,0.086709416837458,0.098597084603659,0.109559497006739,0.2,0.184744021795867
724,88,8.79545454545455,2.60043803078118,0.011363636363636,0.019707992575854,11371.7981573982,15664.332304789,0.5,0.064282434653323,87,29,0.185897435897436,6.69230769230769,3.85971966565396,29,24.576411454889,7.85142857142857,2.86691105232402,0.077563964781545,0.09442775769578,0.052001953125,0.084845457496902,0.333333333333333,0.255672028553695
728,49,7.12244897959184,2.13729436692383,0.020408163265306,0.10600558780767,2077.68023088023,3464.56056757083,0.5,0.274184262092743,48,6.85714285714286,0.011846001974334,4,2.89199522192489,8,6.16441400296898,6.20618556701031,2.42786833941619,0.08049406848224,0.078764644921476,0.085967394770408,0.10029993020899,0.142857142857143,0.370141951545956
921,14,4.71428571428571,1.93861851797659,0.071428571428572,0.11780295668959,132.819047619048,146.494274975961,0.5,0.101015254455221,13,4.33333333333333,0.098484848484849,1.625,0.744023809142845,4.33333333333333,3.21455025366432,3.92592592592593,2.12902877687539,0.113893130193471,0.128846959700789,0.227120535714286,0.152492816792296,0.333333333333333,0.431369062773825
771,39,6.97435897435897,2.3450640153666,0.025641025641026,0.037307826996849,1519.98903318903,1852.15676426469,0.5,0.054392829322042,38,12.6666666666667,0.351851851851852,3.45454545454545,1.6348477827392,12.6666666666667,6.50640709864771,6.07792207792208,2.58419402973576,0.087342966979446,0.087220857457856,0.100335536858974,0.11498309309016,0.333333333333333,0.243288202918456
450,8,3.375,1.18773493916542,0.125,0.301925746666404,28.8,14.6808589342592,0.5,0.176776695296637,7,1.75,0.026515151515152,1.4,0.547722557505166,2.33333333333333,0.577350269189626,2.66666666666667,1.44749372891149,0.190604582611146,0.153253375940726,0.3359375,0.136471396139578,0.25,0.274699529277202
1025,59,7.28813559322034,2.06823969345271,0.016949152542373,0.034432179079547,2302.05252525253,2453.65274342857,0.5,0.155803189075002,58,11.6,0.145,5.27272727272727,3.03614588222994,11.6,5.17687164221791,6.35897435897436,2.38696726665773,0.095966199342425,0.092789992435948,0.079664327330509,0.089516465428608,0.2,0.10531070873195
1014,180,8.76666666666667,2.00864055308768,0.005555555555556,0.00571992323414,17822.1427461427,24607.5612379563,0.5,0.573542166962422,179,44.75,0.224592220828105,13.7692307692308,10.5684581511358,44.75,11.9547758936195,7.79387186629526,2.40271408344316,0.087445208731301,0.085807656513938,0.035576714409722,0.041349497173791,0.25,0.057896666510408
461,4,2.25,0.957427107756338,0.25,0.334763598180368,9.33333333333333,1.539600717839,0.5,0,3,0.5,0.03,1,0,1,0,1.71428571428571,1.11269728052837,0.258000532740044,0.082751202305101,0.4375,0.072168783648703,0.166666666666667,0.384467919707668
875,13,5.38461538461539,2.18091958962504,0.076923076923077,0.139127316715339,164.990476190476,135.650737112682,0.5,0.054392829322042,12,4,0.12,1.5,0.534522483824849,4,1.73205080756888,4.64,2.25240612087015,0.11423767268706,0.126550911180096,0.171274038461538,0.163548971184661,0.333333333333333,0.179698767856189
444,49,6.73469387755102,1.65548973373543,0.020408163265306,0.022152025638766,1084.90793650794,747.069336197397,0.5,0.01443075063646,48,16,0.363636363636364,5.33333333333333,3.39116499156263,16,14.525839046334,5.81443298969072,2.03270087623184,0.123212815216986,0.088282456534699,0.090082908163265,0.093051967318632,0.333333333333333,0.285892874062872
448,36,7.80555555555556,2.71313676601662,0.027777777777778,0.034732538150115,3010.9403041403,5360.04843564155,0.5,0.117851130197758,35,11.6666666666667,0.291666666666667,2.69230769230769,1.65250392761083,11.6666666666667,7.09459888459759,6.92957746478873,2.87513449952208,0.067893949251395,0.103396133967507,0.078660753038195,0.113777787266129,0.333333333333333,0.258211962512835
970,26,6.03846153846154,2.58427195520548,0.038461538461539,0.10818645486035,877.963636363636,1423.26305296413,0.5,0.108785658644084,25,0.357142857142857,0.029726516052319,2.27272727272727,1.42062726222673,1.38888888888889,0.607684988914186,5.17647058823529,2.77637088554783,0.114839677145713,0.131800356558977,0.152982271634615,0.120748844846548,0.014285714285714,0.068378963703665
764,59,7.93220338983051,3.8857139173612,0.016949152542373,0.042056335355864,87098.5114567579,318418.211565471,0.5,0.131833467678848,58,19.3333333333333,0.128888888888889,3.05263157894737,3.08173263333986,19.3333333333333,16.9213868619961,7.00854700854701,4.05244865630587,0.050272950848712,0.085026609010984,0.083918102716996,0.080330222150036,0.333333333333333,0.157022120472804
765,55,7.27272727272727,2.56366740674187,0.018181818181818,0.041932126754413,3891.36339216339,7512.37374082695,0.5,0.115708382375981,54,18,0.113684210526316,4.15384615384615,2.57701875061584,18,15.3948043183407,6.34862385321101,2.81982448491427,0.079111756874858,0.121206509464731,0.088800603693182,0.084339010212616,0.333333333333333,0.196849494549225
767,56,7.01785714285714,2.36251846691058,0.017857142857143,0.041215461294752,3008.28282828283,5219.59999624872,0.5,0.126269068069026,55,18.3333333333333,0.115789473684211,4.58333333333333,3.08834563931546,18.3333333333333,15.9478316185409,6.09009009009009,2.64763891231259,0.089562526607636,0.12181536062841,0.090890066964286,0.074933099014069,0.333333333333333,0.166469273100025
734,1348,12.513353115727,2.78194940596337,0.000741839762611,0.00386060151699,4246551.7601335,23712979.2879972,0.5,0.00419647941357,1347,33.675,0.097963636363636,58.5652173913044,63.3839857082905,40.8181818181818,42.7027915842853,11.5183673469388,3.11001213939334,0.047357972486304,0.065624424122732,0.006496258057897,0.011429166373045,0.025,0.066595465191593
1556,4,2.25,0.957427107756338,0.25,0.147667042888911,9.33333333333333,1.539600717839,0.5,0,3,0.5,0.025,1,0,1,0,1.71428571428571,1.11269728052837,0.258000532740044,0.082751202305101,0.4375,0.072168783648703,0.166666666666667,0.201310639375915
720,705,12.7347517730496,3.64383792221233,0.001418439716312,0.003690039204424,20414254.9534475,204870262.119254,0.5,0.011032871763194,704,88,0.168542015800814,26.0740740740741,27.2212105166964,88,35.2946778667023,11.7444996451384,3.89164495778458,0.037901588761712,0.057588490506899,0.010060079194975,0.023408949742751,0.125,0.125139336494389
337,29,5.89655172413793,1.67640831171472,0.03448275862069,0.065873575451623,413.695238095238,302.898448387629,0.5,0.121914962273543,28,0.636363636363636,0.080229226361032,3.5,1.60356745147455,1.21739130434783,0.518434859512082,5.01754385964912,1.9954522229146,0.125060958439804,0.07557670940379,0.132273706896552,0.119543486667996,0.022727272727273,0.036572686376526
336,60,7.8,2.84515645514219,0.016666666666667,0.032850020734608,6855.04388944389,13930.6737154899,0.5,0.117851130197758,59,2.68181818181818,0.220973782771536,4.21428571428571,2.51697533463577,2.95,1.43178210632764,6.87394957983193,3.07409797118103,0.071326227755335,0.094708759032657,0.078676350911458,0.088240580123628,0.045454545454546,0.039319608878476
160,241376,22.0232458902294,3.59325483941848,4.14291395996288E+AC0-06,1.49081101927286E+AC0-05,7028686602494.63,287203559352468,0.2,0.048914195641519,241375,24137.5,0.241375,5613.37209302326,8620.93054866567,24137.5,731.653872325493,21.0232935819915,3.86139695708931,0.024433441137345,0.032205559815595,5.48491367295617E+AC0-05,0.000595586743502,0.1,0.00861826509237
159,350822,35.5213926150583,7.43159821785581,2.85044837552947E+AC0-06,4.01989787013298E+AC0-06,6.831968940951072e+//0-,2.7040629448758784e+//0-,0.2,0.041348365857224,350821,35082.1,0.350821,5847.01666666667,6954.9395652047,35082.1,1073.05829291796,34.5214446663047,7.56483667587562,0.016581551106464,0.036896718861345,2.96098359430943E+AC0-05,0.000659372952659,0.1,0.005278217021209
158,91183,20.0140267374401,4.58267029742835,1.09669565598851E+AC0-05,0.000335520495483,8.897429684760779e+//0-,7.157533668273608e+//0-,0.2,0.042911089245391,91182,9118.2,0.091182,1545.45762711864,2738.03439641145,9118.2,282.883093246034,19.0141419680311,4.7956706034434,0.018152235911791,0.044254841137481,0.000157341636542,0.000396522969896,0.1,0.01670234177955
157,108780,21.0674940246369,5.05559096253141,9.19286633572348E+AC0-06,0.000266613752942,1.3467115426948944e+//0-,1.1567974161865759e+//0-,0.2,0.036129888015716,108779,10877.9,0.108779,1812.98333333333,3002.12742359716,10877.9,193.16800402183,20.0675954568646,5.2494543333307,0.017606581165935,0.041578817630928,0.000130069227291,0.000412523625299,0.1,0.016414931540389
156,64244,19.7293755058838,4.83275209152387,1.55656559367412E+AC0-05,0.000418982425009,1.6987597719419086e+//0-,9.253877486923423e+//0-,0.2,0.074508077811555,64243,6424.3,0.064243,1147.19642857143,1936.53713829273,6424.3,282.285139530936,18.7295368403029,5.03509323947563,0.01860262927418,0.043654066776008,0.000213105901674,0.000585031585056,0.1,0.021458307283698
1100,215,9.6,2.3157324591649,0.004651162790698,0.004048166592275,39778.4205128205,60569.1564368571,0.333333333333333,0.182899744580232,214,21.4,0.447698744769874,14.2666666666667,11.5292588453816,21.4,9.5008771524879,8.62470862470862,2.66536196651892,0.072524839423459,0.084995191965108,0.028705543695494,0.043884139621311,0.1,0.029355676586805
1444,106,9,2.79455252402309,0.009433962264151,0.031476835356024,22817.745010545,47321.6587272092,0.5,0.013341637380878,105,2.83783783783784,0.100671140939597,7,4.59813626840888,3.28125,2.35870898258266,8.04739336492891,3.05623957109971,0.067615606535845,0.081596376676767,0.047205511129127,0.072392194692387,0.027027027027027,0.035247439256143
1443,48,8.16666666666667,3.16451961554406,0.020833333333333,0.08180355554749,7249.50973470974,12901.9198111523,0.5,0,47,1.27027027027027,0.071104387291982,3.35714285714286,1.5984195491,1.74074074074074,0.944318744777362,7.26315789473684,3.33648600443382,0.067469343530647,0.08299404193153,0.080863952636719,0.111919986777971,0.027027027027027,0.031887618066025
1453,101,8.9009900990099,2.90346327855218,0.00990099009901,0.032422589260865,22478.9836829837,46200.0722189003,0.5,0.035005286197354,100,2.7027027027027,0.092850510677809,6.66666666666667,4.0473389258811,2.85714285714286,2.11636282254217,7.95024875621891,3.15396772935472,0.066964133239509,0.084774955300382,0.050581828202352,0.071674368237969,0.027027027027027,0.031542547963133
1452,23,6,2.21564683762799,0.043478260869565,0.146935834743842,498.526984126984,658.557751382796,0.5,0.092231319285202,22,0.611111111111111,0.029530201342282,2.2,1.13529242439509,1.46666666666667,0.639940473422184,5.15555555555556,2.41167195450824,0.090695901545917,0.11095316553541,0.14359714673913,0.14320412171364,0.027777777777778,0.044351487395098
1451,45,7.53333333333333,2.72696968013281,0.022222222222222,0.079460826714795,3356.39769119769,5038.11248152777,0.5,0.047140452079103,44,1.18918918918919,0.062411347517731,3.66666666666667,1.6143297699233,2.0952380952381,1.48002573980191,6.62921348314607,2.93637849953704,0.07884760949972,0.089349172438254,0.089095052083333,0.109719444984062,0.027027027027027,0.038159800989763
1442,24,5.41666666666667,1.69183889321049,0.041666666666667,0.099734359527061,280.838095238095,246.050734074375,0.5,0.058925565098879,23,0.621621621621622,0.090909090909091,2.875,1.24642345475823,1.64285714285714,1.5984195491,4.5531914893617,1.99791750970308,0.13286133051142,0.130089280751522,0.163411458333333,0.120126564987581,0.027027027027027,0.058173226105775
1113,256,17.28515625,7.72776597952563,0.00390625,0.039079921548609,4069936305.45914,17827170409.6027,0.043478260869565,0.075967221687012,255,6.21951219512195,0.000516173434274,7.5,4.34322879476046,7.5,7.64060127730717,16.320939334638,7.81443685940617,0.026464673069131,0.06967676978074,0.016460987978462,0.052110547884804,0.024390243902439,0.10589527693018
976,189,9.81481481481482,2.67824025120668,0.005291005291005,0.034393782169161,72615.593669076,187449.593679076,0.5,0.018706528602819,188,13.4285714285714,0.018873607067564,11.0588235294118,9.31712528247913,13.4285714285714,6.45355341252799,8.84350132625995,2.97765015978496,0.059671386754604,0.071211585897409,0.027839862480366,0.052256654387702,0.071428571428572,0.101196906872693
1446,32,5.71875,1.59099025766973,0.03125,0.067877449818613,440.520634920635,448.042080290314,0.5,0.176776695296637,31,0.837837837837838,0.10472972972973,3.44444444444444,2.185812841434,1.63157894736842,0.597264720370147,4.82539682539683,1.95546943905716,0.12011243951952,0.109128803877354,0.1378173828125,0.09549773969844,0.027027027027027,0.03334819314196
1447,41,7.14634146341463,2.29740043973353,0.024390243902439,0.065960431038273,1523.52380952381,1378.78704931071,0.5,0.051739520574626,40,1.08108108108108,0.122324159021407,4,1.82574185835055,1.48148148148148,0.642732769590452,6.24691358024691,2.54229652183577,0.094539684798648,0.098431503603984,0.095417301829268,0.115812704758777,0.027027027027027,0.02742345562869
272,33452,21.4978177687433,10.5016029199066,2.9893578859261E+AC0-05,0.001051556459383,5.120424632083038e+//0-,3.666037483102208e+//0-,0.142857142857143,0.078522238909494,33451,2090.6875,0.033451,334.51,747.504014988711,2090.6875,4083.69513584205,20.4981540439143,10.596043039653,0.009897942608086,0.031377918560077,0.000376007151492,0.00112865645559,0.0625,0.089109581486313
271,73005,20.7470310252722,5.63872251660703,1.36976919389083E+AC0-05,0.000131967659602,1551570218217008,8.664299989464629e+//0-,0.333333333333333,0.061471743649639,73004,1825.1,0.073004,1377.43396226415,1987.25780826663,1825.1,311.049324145355,19.7471799683581,5.81308577288283,0.020564860873987,0.047426846970302,0.000189766821352,0.000497690667478,0.025,0.036821575881816
141,78179,20.5237084127451,3.76580861421285,1.27911587510713E+AC0-05,0.000167861938122,90916196650.361,558607162831.78,0.25,0.086213484999029,78178,4343.22222222222,0.078178,2299.35294117647,2725.85662801737,4343.22222222222,2200.77543969114,19.5238460702111,4.0222337541649,0.034276951680876,0.04892247950596,0.000165538994238,0.00071788565939,0.055555555555556,0.037172745704808
268,149803,22.6297871204182,5.06188941229583,6.67543373630702E+AC0-06,5.92466667097204E+AC0-05,337369208322483,2.9372507096633556e+//0-,0.25,0.130455429737981,149802,8322.33333333334,0.149802,2937.29411764706,4045.38010226044,8322.33333333334,785.854050212439,21.6298659902205,5.25555586105896,0.021649822084514,0.040211245425583,9.05830251304594E+AC0-05,0.000472734486801,0.055555555555556,0.037953587589202
264,79453,21.3628308559777,5.64740178823047,1.25860571658716E+AC0-05,8.70227529628271E+AC0-05,6281460007561901,6.21418345248793e+//0-,0.5,0.007360040628312,79452,1324.2,0.079452,1418.78571428571,2121.32262099325,1324.2,143.527803956148,20.3629715867971,5.82151289312352,0.019226521017207,0.041035781412417,0.00016702631973,0.000637361352384,0.016666666666667,0.026423428923803
130,18989,17.6470061614619,3.4305140279113,5.26620675127706E+AC0-05,0.001340380895823,3315725924.74235,21484652838.7614,0.142857142857143,0.062712553423808,18988,999.368421052632,0.018988,632.933333333333,740.232672337153,1054.88888888889,413.855315565986,16.6474971693393,3.70935612356525,0.038362823414316,0.052833037123374,0.000601890318139,0.001989392012495,0.052631578947368,0.076081895967062
261,70822,19.0691593007822,4.02406813112379,1.41199062438225E+AC0-05,0.000298822778849,10702307879068.1,540300179956615,0.1,0.024215596487054,70821,4426.3125,0.070821,1573.8,2515.94737804488,4426.3125,670.397167729697,18.0693009891064,4.26500818736979,0.024572752263627,0.049609663251247,0.000200265666757,0.000469120651088,0.0625,0.031331142654515
125,752,10.8311170212766,2.01708807192026,0.001329787234043,0.017039471841208,272323.16980797,426662.783362471,0.2,0.045159934715251,751,75.1,0.002543650188826,46.9375,45.6120872138077,75.1,39.3233038060413,9.83898868928809,2.44473336247269,0.080659907869911,0.078478664532278,0.011224340885244,0.014406309791465,0.1,0.1648620449856
259,14476,19.9261536336004,6.57827091546545,6.90798563138989E+AC0-05,0.001283466760839,68488837226900.7,1.4622597477973E+-015,0.2,0.125034267043344,14475,1447.5,0.049027079205406,301.5625,341.077573147598,1447.5,74.8661769054921,18.9268764464095,6.72745052639147,0.021728676118186,0.046330655129146,0.000757633600625,0.002434990859272,0.1,0.041198604623006
123,62242,18.8251984190739,3.74815745246699,1.60663217762925E+AC0-05,0.000318050643492,268427627315.621,5419039998474.66,0.1,0.038975965633908,62241,972.515625,0.062241,1637.92105263158,2313.49295271188,1003.88709677419,608.453888626637,17.8253576793618,4.0056888218542,0.031290435410625,0.054899221139637,0.00022468208485,0.000518147305693,0.015625,0.020005512962881
254,133394,21.1388068428865,5.05011940307355,7.49658905198135E+AC0-06,0.000101574161285,5360712491543565,4.6344342111553766e+//0-,0.1,0.043378535226329,133393,2838.14893617021,0.133393,2425.32727272727,3817.68906274437,2838.14893617021,399.650879095602,20.138889825966,5.24422313806377,0.019359922419707,0.044862429727229,0.000110218546819,0.000307617439338,0.021276595744681,0.017914300643646
252,63426,19.2808312048687,4.52015995646046,1.57664049443446E+AC0-05,0.000301056477718,46162727148335.2,1.87397068314474E+-015,0.1,0.024709633983972,63425,991.015625,0.063425,1349.46808510638,2115.5814788196,991.015625,247.34273452724,18.2809910840277,4.73588632309531,0.023331462589295,0.048397515868304,0.000219571507041,0.000536488474707,0.015625,0.024358315388967
250,86710,20.8427401683773,5.29768400120582,1.15326951908661E+AC0-05,0.00033810832375,1.290512842875318e+//0-,7.93317531460135e+//0-,0.1,0.056042499646718,86709,1140.90789473684,0.086709,1548.375,2477.64713580152,1140.90789473684,252.048893544173,19.8428661219359,5.48294775708095,0.019110750210822,0.042587759286927,0.000158321121694,0.000514622907627,0.013157894736842,0.026103245183459
249,98843,21.8607994496322,4.2572782571205,1.01170543184646E+AC0-05,9.6275369227186E+AC0-05,8843912422751.49,560978687933458,0.25,0.233265518311378,98842,5491.22222222222,0.098842,2196.48888888889,3009.21387062999,5491.22222222222,5093.93699071352,20.8609150921921,4.48573121883064,0.024204577357216,0.045831689958531,0.000130934301921,0.000616455109314,0.055555555555556,0.052882231581579
74,97391,19.317041615755,2.91208363406673,1.0267889230011E+AC0-05,0.000125996590604,17719395797.7763,62826758445.3338,0.038461538461539,0.007301110138207,97390,6086.875,0.09739,3246.33333333333,4198.98210434906,6086.875,3643.88987896177,18.317145922857,3.23699275969281,0.040119544802915,0.052129434306036,0.00014515151181,0.000469141276997,0.0625,0.027654845936342
72,35243,21.7266123769259,4.78524356657823,2.83744289646171E+AC0-05,0.000250898665999,198587402285.204,1088149898200.24,0.5,0.10162289948954,35242,978.944444444445,0.035242,1006.91428571429,987.157784975115,978.944444444445,696.886010127274,20.7269348088246,4.98911378643604,0.031101366347569,0.044340236737925,0.000299782409723,0.001998150859262,0.027777777777778,0.063921945505601
146,41071,20.9702709941321,5.55429779803998,2.43480801538799E+AC0-05,0.000546301465856,1.561971131163865e+//0-,1.284196223799634e+//0-,0.5,0.031592630894727,41070,1207.94117647059,0.04107,673.27868852459,1058.26107571411,1244.54545454545,457.722697909791,19.9705384643479,5.73100094588885,0.016809870531235,0.033212830076512,0.000271123140371,0.001865488192859,0.029411764705882,0.066683893805558
267,94031,20.6397677361721,4.37698297082706,1.0634790654146E+AC0-05,8.7083050700471E+AC0-05,23527992852635.2,1.75873138854446E+-015,0.5,0.001556626045725,94030,7233.07692307692,0.09403,2000.63829787234,2860.69725785692,7233.07692307692,7984.90372997215,19.6398828039838,4.59951089732522,0.023006101831108,0.044766919343898,0.000146646996545,0.000512213140625,0.076923076923077,0.07088736506483
265,28131,19.2682449966229,4.44764872857326,3.55479719881981E+AC0-05,0.000253445598159,415084972319.448,11096542121068.3,0.142857142857143,0.100285616718579,28130,3125.55555555556,0.204164580021919,703.25,883.558212787712,3125.55555555556,1103.53478775151,18.2686052505288,4.66629540299584,0.027901042412413,0.048019646985223,0.000415362480603,0.001552546025423,0.111111111111111,0.044996824129917
119,3681,13.7424612876936,2.27926936357269,0.00027166530834,0.000856484962218,8650964.93505586,12006701.8589302,0.333333333333333,0.238047801853188,3680,408.888888888889,0.066550925925926,193.684210526316,201.207204595876,408.888888888889,177.781779468851,12.7444640673821,2.67690243480814,0.065175397357582,0.061015998717966,0.002723985053832,0.005638975202809,0.111111111111111,0.072902705927947
727,4311,14.1941544885177,1.92024823735503,0.000231964741359,0.00309625377189,10107428.888821,10901497.0741657,0.5,0.120885571267568,4310,431,0.105720172684458,239.444444444444,279.232397880589,431,229.639330738927,13.1959169469899,2.37924358401583,0.062457499011175,0.040479242355443,0.002032940748866,0.008886932852877,0.1,0.111656114238262
