id+AF8-dataset,total time
965,0.021909952163696
181,1.96915864944458
753,0.041343212127686
187,0.01563572883606
847,169.001641988754
1511,0.049404859542847
979,77.8038458824158
1526,79.4548144340515
1509,26.9207775592804
1016,1.07365989685059
1546,0.170915365219116
1545,0.071737051010132
1544,0.078510999679566
1543,0.108752727508545
1542,3.57809376716614
1541,518.233484983444
1540,3.75732326507568
1539,3.9997775554657
1538,568.131831884384
1537,0.528860807418823
1536,797.736639499664
1535,720.574781656265
1534,4.69560694694519
1533,4.61859107017517
1532,856.409054040909
1531,798.006899356842
1530,6.50395345687866
1529,8.07265710830689
1528,7.77885365486145
1527,0.669127941131592
923,392.105270147324
736,0.016181230545044
719,0.010221719741821
994,0.101849794387817
1508,0.051042079925537
1507,185.983144521713
788,0.19319224357605
885,0.011285781860352
1506,0.047711133956909
1115,0.017197847366333
955,0.012836456298828
1004,2.03107786178589
770,2.42730164527893
841,0.997528314590454
1503,87.6531312465668
953,17.6012368202209
737,13.0596597194672
902,0.010688066482544
1502,7.62714052200317
826,1.73150610923767
958,0.294579267501831
1498,0.03308892250061
1520,0.470072746276856
717,0.324667453765869
1496,334.725559949875
816,595.552766799927
752,550.978043079376
996,0.01430606842041
722,260.205432653427
155,397.485624551773
1567,55.5022938251495
354,52.8374164104462
750,2.3116021156311
1490,0.060445547103882
1019,962.305803060532
1069,167.153460025787
1167,0.016005039215088
1488,0.025492191314697
1021,136.782200098038
980,178.476934671402
959,1523.82578253746
886,1.03690099716187
784,0.008910894393921
881,961.928688049316
880,0.013479232788086
164,0.026013374328613
995,0.343894243240356
962,0.093135356903076
1020,0.383287191390991
971,0.476198196411133
1056,698.145282506943
733,0.025874376296997
10,0.019851684570313
941,0.011007070541382
977,307.186111450195
1483,195.9282458212
184,82.0562458521545
1481,4184.03240656853
807,152.063709974289
1045,0.038613319396973
1066,0.118994235992432
1048,0.023121595382691
1073,0.017740249633789
969,0.009020805358887
823,485.957909345627
843,13.4685845375061
821,539.252214193344
1513,0.028160810470581
53,0.015562295913696
1565,0.028636932373047
1026,0.010023355484009
1005,0.012752294540405
714,0.009252071380615
901,2188.41963768005
805,0.087825298309326
838,0.038406133651733
855,0.033385276794434
918,0.065031051635742
933,0.029192209243775
863,0.014861106872559
932,0.036363363265991
868,0.02113938331604
878,0.011139869689941
797,0.164381742477417
723,0.086751937866211
751,0.068558931350708
937,0.819472074508667
749,0.250279664993286
896,0.379640817642212
936,0.904496431350708
873,0.371989488601685
744,0.427847623825073
832,0.361280202865601
793,0.26906943321228
716,0.314445734024048
916,0.265488862991333
768,0.029685020446777
783,0.012237787246704
806,0.203459978103638
813,0.041065216064453
715,1.73218178749084
740,2.73477721214294
920,0.736738681793213
792,0.02669358253479
879,0.079505443572998
869,0.033564805984497
877,0.228745937347412
911,0.019033432006836
794,0.037385940551758
830,0.015100955963135
922,0.072311878204346
726,0.0110023021698
775,0.017189264297485
762,0.010676622390747
866,0.165315628051758
912,0.051691293716431
903,1.68638491630554
913,0.07572340965271
766,0.090315341949463
870,0.033682584762573
779,0.090842962265015
824,0.03739857673645
769,0.377400398254395
730,0.235447645187378
746,0.198747634887695
935,0.309944629669189
876,0.238867998123169
829,0.463271617889404
812,0.028350591659546
789,0.010935544967651
837,1.59574031829834
743,0.065138578414917
917,0.096193075180054
910,0.082034111022949
888,0.087726593017578
884,0.757933616638184
926,0.059818267822266
943,0.022205591201782
732,0.043809413909912
776,0.020320177078247
773,0.03093957901001
763,0.014064788818359
850,0.024246692657471
754,0.014477729797363
889,0.013453960418701
808,0.009764671325684
904,0.1557936668396
799,2.48182678222656
849,0.118720293045044
845,0.051061391830444
1012,0.041306972503662
1473,0.25216794013977
1044,98.6442878246307
1011,0.210165023803711
931,0.243973016738892
795,0.314199924468994
827,0.239556074142456
774,0.316201686859131
818,0.343243837356567
819,92.5850443840027
803,43.1327311992645
1075,0.192241191864014
735,62.3727748394012
761,64.4858546257019
796,0.241536855697632
150,2988.93873500824
987,1.93791365623474
351,28.2532830238342
983,2.97611284255981
890,4.71729803085327
900,1.98939919471741
906,4.96687316894531
907,1.43717861175537
908,1.36950731277466
909,1.30245327949524
1560,6.17820954322815
991,1.45031976699829
23499,1.36554670333862
825,0.646497011184692
853,1.39839363098145
778,1.42496347427368
1463,1.31544399261475
725,187.610418558121
833,126.31187915802
997,0.577211380004883
1121,1.26965403556824
463,1.30043768882751
745,1.28462386131287
1553,1.56006598472595
1554,1.34189629554749
1552,4.09729933738709
1549,2.36163687705994
1551,1.58241987228394
1555,2.00582575798035
1547,4.164669
756,1.27107548713684
951,0.307883501052856
947,0.862835645675659
950,0.843704223632813
949,0.651549577713013
1061,1.35448670387268
1059,1.33656024932861
748,1.28575277328491
724,2.58148312568665
728,20.620682477951
921,1.50158286094666
771,1.59529232978821
450,1.489990234375
1025,1.49013352394104
1014,1.99994659423828
461,0.154613
875,1.42537808418274
444,1.31254315376282
448,1.37645220756531
970,0.965517997741699
764,1.072065
765,1.089639
767,1.32989764213562
734,136.192962408066
1556,1.29316282272339
720,7.6976010799408
337,1.42015647888184
336,1.33880805969238
160,117.42321896553
159,109.673992395401
158,295.313681840897
157,306.94770026207
156,249.738343238831
1100,1.70402765274048
1444,1.89437389373779
1443,2.566292
1453,1.70006442070007
1452,1.86831140518188
1451,3.064033
1442,1.66972804069519
1113,90.0845286846161
149,delete
976,54.5965256234577
1446,1.63481378555298
1447,1.52885174751282
272,117.768030643463
271,241.079522848129
141,776.694260120392
268,230.919714450836
264,491.447755813599
130,3562.00333499908
261,225.360168218613
125,2872.71457004547
259,39.6046335697174
123,877.193951368332
254,640.584335803986
252,146.849821329117
250,657.399778842926
249,195.728264093399
74,1547.7703704834
72,1125.34640049934
146,323.940526485443
267,62.4216849803925
265,12.8783195018768
119,2.99232172966003
727,25.56834567867
